university_name,country,year,anomaly_score,teaching,international,research,citations,num_students,student_staff_ratio,international_students,cwur_score,rank_gap,research_efficiency_per_1k,faculty_efficiency,global_influence_index,relative_teaching,relative_citations,relative_cwur_score
University of Cambridge,United Kingdom,2014,-0.6792455185819218,90.6,86.7,95.3,95.7,18812,11.8,0.34,98,3,5.07,0.42,38.9,2.66,1.47,2.02
California Institute of Technology,United States of America,2012,-0.6762608029172588,95.7,56.0,98.2,99.9,2243,6.9,0.27,85,-4,43.78,1.01,47.97,2.02,1.4,1.64
University of Cambridge,United Kingdom,2012,-0.6738074893056997,90.5,85.3,94.2,97.3,18812,11.8,0.34,86,2,5.01,0.34,41.43,2.57,1.61,1.8
California Institute of Technology,United States of America,2014,-0.673477890354657,94.4,65.8,98.2,99.8,2243,6.9,0.27,86,-11,43.78,1.01,40.6,2.02,1.3,1.53
University of Oxford,United Kingdom,2014,-0.6719320838028404,89.0,90.2,98.5,95.4,19919,11.6,0.34,98,-3,4.94,0.86,39.47,2.62,1.46,2.02
University of Oxford,United Kingdom,2012,-0.6716460015999975,89.5,91.9,96.6,97.9,19919,11.6,0.34,82,-3,4.85,0.78,43.3,2.55,1.62,1.71
University of Oxford,United Kingdom,2015,-0.669662824079392,88.6,90.7,97.7,95.5,19919,11.6,0.34,96,-2,4.9,0.86,38.17,2.56,1.44,2.0
University of Cambridge,United Kingdom,2015,-0.6694139595964133,89.7,87.8,95.6,95.2,18812,11.8,0.34,97,1,5.08,0.42,37.73,2.6,1.43,2.02
California Institute of Technology,United States of America,2015,-0.6653256457543177,92.2,67.0,98.1,99.7,2243,6.9,0.27,84,-11,43.74,1.01,42.57,1.96,1.29,1.5
Massachusetts Institute of Technology,United States of America,2012,-0.6609269249729038,92.7,79.2,87.4,100.0,11074,9.0,0.33,92,5,7.89,0.33,36.0,1.96,1.4,1.77
Massachusetts Institute of Technology,United States of America,2014,-0.6602355912225945,92.9,82.0,89.0,100.0,11074,9.0,0.33,99,2,8.04,0.22,34.67,1.99,1.3,1.76
California Institute of Technology,United States of America,2013,-0.6591874374650202,96.3,59.8,99.4,99.7,2243,6.9,0.27,78,-10,44.32,1.01,49.57,1.89,1.3,1.5
Harvard University,United States of America,2012,-0.6579881245597106,95.8,67.5,97.4,99.8,20152,8.9,0.25,100,1,4.83,0.11,33.93,2.02,1.4,1.93
Massachusetts Institute of Technology,United States of America,2015,-0.6557836053120232,89.1,84.3,88.2,100.0,11074,9.0,0.33,98,3,7.96,0.22,34.67,1.89,1.29,1.75
University of Cambridge,United Kingdom,2013,-0.6551055328943072,91.2,83.6,95.6,96.2,18812,11.8,0.34,90,2,5.08,0.42,39.07,2.29,1.39,1.85
Massachusetts Institute of Technology,United States of America,2013,-0.6533326103021926,92.9,81.6,89.2,99.9,11074,9.0,0.33,91,1,8.06,0.22,35.3,1.82,1.31,1.75
University of Oxford,United Kingdom,2013,-0.6498082411821754,89.7,88.7,98.1,95.6,19919,11.6,0.34,93,-1,4.92,0.86,38.53,2.25,1.38,1.91
Harvard University,United States of America,2014,-0.6488132148807559,95.3,66.2,98.5,99.1,20152,8.9,0.25,100,1,4.89,0.11,33.7,2.04,1.29,1.78
Stanford University,United States of America,2014,-0.6467267550774614,94.7,68.0,96.8,99.1,15596,7.8,0.22,99,2,6.21,0.51,35.03,2.03,1.29,1.76
Stanford University,United States of America,2012,-0.6444892267634854,94.8,57.2,98.9,99.8,15596,7.8,0.22,90,-1,6.34,0.64,34.6,2.0,1.4,1.73
Harvard University,United States of America,2015,-0.6444382503534836,92.9,67.6,98.6,98.9,20152,8.9,0.25,100,1,4.89,0.11,33.63,1.97,1.28,1.79
Princeton University,United States of America,2012,-0.6433871014691395,91.5,49.6,99.1,100.0,7929,8.4,0.27,82,-1,12.5,0.24,53.0,1.93,1.4,1.58
École Polytechnique,France,2014,-0.6427853986866078,46.3,86.1,40.5,82.3,2429,4.8,0.3,60,34,16.67,43.33,204.77,1.35,1.26,1.3
Stanford University,United States of America,2015,-0.6423658596033736,91.5,69.0,96.7,99.1,15596,7.8,0.22,99,2,6.2,0.51,35.03,1.94,1.28,1.77
Harvard University,United States of America,2013,-0.6408355460598228,94.9,63.7,98.6,99.2,20152,8.9,0.25,100,3,4.89,0.11,33.73,1.86,1.3,1.93
Princeton University,United States of America,2014,-0.6401945473489694,89.9,59.6,97.6,99.7,7929,8.4,0.27,89,-3,12.31,0.36,47.9,1.93,1.3,1.58
Stanford University,United States of America,2013,-0.6393405527003183,95.0,56.6,98.8,99.3,15596,7.8,0.22,94,0,6.34,0.51,34.43,1.86,1.3,1.81
Princeton University,United States of America,2015,-0.6358965115679993,86.6,61.2,94.7,99.6,7929,8.4,0.27,89,-2,11.94,0.36,49.53,1.84,1.29,1.59
Princeton University,United States of America,2013,-0.6351286363964276,89.5,54.5,99.4,99.8,7929,8.4,0.27,82,-2,12.54,0.36,53.93,1.75,1.31,1.58
École Polytechnique,France,2015,-0.632417092981813,50.5,94.5,47.1,79.9,2429,4.8,0.3,59,25,19.39,45.0,209.3,1.47,1.22,1.28
Yale University,United States of America,2012,-0.6317418143519217,92.3,55.5,91.2,96.7,11751,4.4,0.2,79,3,7.76,2.73,39.23,1.95,1.36,1.52
Yale University,United States of America,2015,-0.6297484137577037,88.5,59.8,90.8,94.0,11751,4.4,0.2,87,-2,7.73,2.5,45.67,1.88,1.21,1.55
Imperial College London,United Kingdom,2012,-0.6287764729514945,88.8,92.2,88.7,93.9,15060,11.7,0.51,58,-20,5.89,2.99,49.63,2.53,1.55,1.21
Yale University,United States of America,2014,-0.6275845977278575,89.5,57.6,90.5,93.5,11751,4.4,0.2,88,1,7.7,2.5,44.17,1.92,1.22,1.57
Columbia University,United States of America,2014,-0.6267175727071589,86.6,68.0,79.1,95.6,25055,5.9,0.28,97,7,3.16,1.53,39.2,1.86,1.25,1.73
Imperial College London,United Kingdom,2015,-0.6200637032698795,84.6,92.7,88.3,89.4,15060,11.7,0.51,60,-26,5.86,2.56,46.13,2.45,1.35,1.25
Columbia University,United States of America,2013,-0.620016868843389,89.7,66.1,82.0,96.1,25055,5.9,0.28,88,8,3.27,1.53,38.7,1.76,1.26,1.69
Yale University,United States of America,2013,-0.6189703492011298,93.2,54.7,92.5,94.8,11751,4.4,0.2,79,1,7.87,2.95,42.93,1.82,1.24,1.52
Imperial College London,United Kingdom,2014,-0.6181795888688908,84.5,91.8,88.1,90.0,15060,11.7,0.51,59,-29,5.85,3.25,49.33,2.48,1.38,1.22
Mines ParisTech,France,2015,-0.6180558807895621,39.6,58.7,23.2,55.1,1283,5.6,0.22,50,122,18.08,30.18,567.03,1.16,0.84,1.09
University of Tokyo,Japan,2012,-0.6172085519675998,86.1,23.0,80.3,69.1,26199,5.7,0.1,69,16,3.06,5.44,37.03,1.93,1.75,1.34
Columbia University,United States of America,2015,-0.6171763872775737,83.9,68.3,79.4,95.3,25055,5.9,0.28,96,8,3.17,1.53,39.77,1.78,1.23,1.71
University of Tokyo,Japan,2014,-0.6169326935798848,84.7,29.6,88.0,69.8,26199,5.7,0.1,81,10,3.36,5.79,37.93,2.39,1.18,1.73
University of Chicago,United States of America,2015,-0.6135889150835608,83.9,65.2,89.9,97.3,14221,6.9,0.21,91,3,6.32,1.16,41.77,1.78,1.26,1.62
"University of California, Los Angeles",United States of America,2014,-0.6120399874667382,84.8,46.4,91.0,95.6,38206,10.3,0.15,44,-911,2.38,20.39,490.53,1.82,1.25,0.78
"University of California, Berkeley",United States of America,2015,-0.6116255099673436,84.2,58.5,96.7,99.1,36186,16.4,0.15,92,1,2.67,0.37,35.7,1.79,1.28,1.64
"University of California, Berkeley",United States of America,2014,-0.6112118324773957,83.2,57.3,97.5,99.3,36186,16.4,0.15,93,1,2.69,0.37,35.43,1.78,1.29,1.65
University of Chicago,United States of America,2014,-0.6107080734148607,85.6,58.6,88.2,98.0,14221,6.9,0.21,92,1,6.2,1.16,42.33,1.83,1.28,1.64
Columbia University,United States of America,2012,-0.6096907369875892,89.1,67.6,81.8,97.8,25055,5.9,0.28,79,3,3.26,1.69,41.27,1.88,1.37,1.52
University of Tokyo,Japan,2015,-0.6092403817555209,81.4,32.4,85.1,74.7,26199,5.7,0.1,78,10,3.25,6.67,41.57,2.3,1.26,1.69
"University of California, Los Angeles",United States of America,2015,-0.6078473341456151,82.4,49.2,90.5,95.3,38206,10.3,0.15,92,5,2.37,0.58,34.43,1.75,1.23,1.64
University of Chicago,United States of America,2012,-0.6064193834619057,89.4,58.8,90.8,99.4,14221,6.9,0.21,74,-2,6.38,1.16,49.13,1.89,1.39,1.43
University of Tokyo,Japan,2013,-0.6062085633138862,87.9,27.6,89.9,71.3,26199,5.7,0.1,76,13,3.43,5.61,41.1,1.78,1.41,1.45
University of Pennsylvania,United States of America,2013,-0.6043479174727919,90.0,38.1,89.4,96.2,20376,6.5,0.2,77,3,4.39,3.85,38.4,1.76,1.26,1.48
Scuola Normale Superiore di Pisa,Italy,2015,-0.6034615682593945,48.2,50.1,46.0,96.4,462,16.5,0.05,45,-330,99.57,3.7,314.47,1.56,1.51,1.0
University of Chicago,United States of America,2013,-0.6022718888181505,89.6,55.3,92.9,98.7,14221,6.9,0.21,79,1,6.53,1.16,49.9,1.75,1.29,1.52
University of Pennsylvania,United States of America,2012,-0.6000217426335592,87.0,34.3,86.1,97.9,20376,6.5,0.2,74,3,4.23,3.69,38.63,1.84,1.37,1.43
Imperial College London,United Kingdom,2013,-0.5994491294427592,88.0,91.4,90.9,93.0,15060,11.7,0.51,57,-19,6.04,2.99,44.67,2.21,1.34,1.17
University of Toronto,Canada,2015,-0.595184554022526,74.4,71.2,85.1,83.0,66198,19.5,0.15,60,-12,1.29,1.64,36.33,2.05,1.31,1.29
"University of California, San Diego",United States of America,2014,-0.5922262834113536,52.0,35.6,63.0,96.7,27233,6.5,0.11,93,33,2.31,0.92,34.57,1.11,1.26,1.65
"University of California, San Diego",United States of America,2015,-0.5917570463327364,52.0,37.0,66.6,96.4,27233,6.5,0.11,92,34,2.45,0.92,34.8,1.1,1.24,1.64
Cornell University,United States of America,2015,-0.5906124780287947,71.6,59.0,83.8,91.5,21424,10.2,0.19,87,9,3.91,1.37,43.83,1.52,1.18,1.55
"University of California, Riverside",United States of America,2014,-0.5902928511598825,25.9,62.2,25.8,91.8,20626,22.0,0.12,93,141,1.25,0.27,32.93,0.55,1.2,1.65
University of Toronto,Canada,2014,-0.58852733657509,73.6,70.0,81.5,84.5,66198,19.5,0.15,61,-11,1.23,1.79,38.5,2.07,1.36,1.29
"University of California, Santa Barbara",United States of America,2012,-0.5884355488486668,55.0,52.6,65.3,99.9,22020,27.3,0.11,79,25,2.96,0.22,35.97,1.16,1.4,1.52
Scuola Normale Superiore di Pisa,Italy,2014,-0.5881886185774338,48.2,50.1,46.0,96.4,462,16.5,0.05,46,0,99.57,3.88,330.8,1.58,1.53,1.01
Johns Hopkins University,United States of America,2015,-0.5878311677871035,75.6,59.7,84.2,93.6,15128,3.6,0.23,72,-1,5.57,4.44,36.53,1.61,1.21,1.29
Kyoto University,Japan,2014,-0.5874253297426647,69.5,27.5,69.5,58.2,22809,5.6,0.07,73,36,3.05,2.68,53.4,1.96,0.99,1.55
Cornell University,United States of America,2014,-0.5873118385282792,72.1,55.6,83.8,90.8,21424,10.2,0.19,86,8,3.91,1.86,42.93,1.54,1.18,1.53
Mines ParisTech,France,2014,-0.5872428880994089,41.6,58.7,22.5,62.7,1283,5.6,0.22,49,26,17.54,29.46,498.9,1.21,0.96,1.06
Cornell University,United States of America,2013,-0.5863251674144698,77.0,53.8,92.1,91.8,21424,10.2,0.19,77,5,4.3,1.76,41.93,1.51,1.2,1.48
Tokyo Medical and Dental University (TMDU),Japan,2015,-0.5857655062852806,42.7,21.8,22.9,51.1,2872,3.3,0.07,45,-116,7.97,66.06,349.37,1.21,0.86,0.97
Mines ParisTech,France,2013,-0.5851775390048688,39.5,62.4,25.6,51.7,1283,5.6,0.22,49,0,19.95,29.46,495.23,1.03,0.72,1.04
Kyoto University,Japan,2015,-0.5833437848268502,70.4,29.0,68.4,57.0,22809,5.6,0.07,69,42,3.0,4.29,62.33,1.99,0.96,1.49
Johns Hopkins University,United States of America,2014,-0.582736001220481,75.7,59.3,85.1,95.0,15128,3.6,0.23,71,-4,5.62,5.0,37.0,1.62,1.24,1.26
Tokyo Medical and Dental University (TMDU),Japan,2014,-0.5818740724745545,43.3,22.0,21.1,52.0,2872,3.3,0.07,46,-100,7.35,63.64,320.0,1.22,0.88,0.98
University College London,United Kingdom,2012,-0.5818689710557505,77.8,91.8,84.3,89.0,26607,10.7,0.46,55,-14,3.17,4.21,48.33,2.21,1.47,1.15
University of Pennsylvania,United States of America,2014,-0.5817301727959721,79.8,40.6,81.2,95.0,20376,6.5,0.2,79,2,3.98,4.0,41.67,1.71,1.24,1.41
Federico Santa María Technical University,Chile,2015,-0.5814578395349072,13.0,48.7,10.1,99.7,11718,34.0,0.02,44,-709,0.86,6.41,463.57,0.53,1.56,0.99
École Normale Supérieure,France,2015,-0.5804774662277615,48.7,81.9,36.2,84.8,2400,7.9,0.2,45,0,15.08,26.58,285.6,1.42,1.3,0.98
Tokyo Medical and Dental University (TMDU),Japan,2013,-0.5804402050850198,47.5,21.9,21.6,47.1,2872,3.3,0.07,45,0,7.52,64.85,333.37,0.96,0.93,0.86
Pohang University of Science and Technology,South Korea,2014,-0.5798336846082311,54.2,33.8,49.0,85.7,3055,10.1,0.04,48,-126,16.04,20.79,217.23,1.48,1.47,1.04
Kyoto University,Japan,2013,-0.5798025792052918,77.1,26.3,74.8,57.8,22809,5.6,0.07,69,39,3.28,2.5,53.93,1.56,1.14,1.32
"University of California, Davis",United States of America,2015,-0.5793484332323235,54.4,52.9,59.7,80.4,35364,13.9,0.13,92,48,1.69,0.43,29.47,1.16,1.04,1.64
École Polytechnique,France,2013,-0.5791996276740619,56.5,83.0,54.7,80.7,2429,4.8,0.3,45,-24,22.52,21.04,94.23,1.47,1.12,0.96
"University of California, Riverside",United States of America,2015,-0.5781786601008948,29.4,61.6,27.5,91.5,20626,22.0,0.12,92,143,1.33,0.27,33.17,0.62,1.18,1.64
University of Pennsylvania,United States of America,2015,-0.5777937265747478,79.0,43.8,82.0,94.4,20376,6.5,0.2,78,2,4.02,4.31,42.13,1.68,1.22,1.39
Tokyo Medical and Dental University (TMDU),Japan,2012,-0.5777600257797298,42.8,18.0,22.6,36.7,2872,3.3,0.07,45,0,7.87,64.85,329.9,0.96,0.93,0.87
Pohang University of Science and Technology,South Korea,2015,-0.5772273533220388,52.7,36.0,49.3,84.4,3055,10.1,0.04,48,-99,16.14,21.58,217.13,1.43,1.43,1.05
École Normale Supérieure,France,2013,-0.5771381259283225,61.6,67.3,46.9,90.3,2400,7.9,0.2,45,0,19.54,26.58,287.43,1.6,1.25,0.96
University of Toronto,Canada,2013,-0.5768398351715366,79.6,65.1,89.4,85.1,66198,19.5,0.15,56,-8,1.35,1.74,36.7,1.97,1.39,1.18
Kyoto University,Japan,2012,-0.5763654253050269,76.4,21.1,72.0,56.3,22809,5.6,0.07,66,35,3.16,3.39,45.1,1.71,1.43,1.28
Johns Hopkins University,United States of America,2012,-0.5763627451252054,78.9,59.9,86.5,97.3,15128,3.6,0.23,67,-1,5.72,5.56,38.43,1.67,1.36,1.29
"University of California, Davis",United States of America,2014,-0.5757535100906044,55.5,53.7,56.4,81.2,35364,13.9,0.13,93,45,1.6,0.43,29.4,1.19,1.06,1.65
École Normale Supérieure,France,2014,-0.5755435936904515,54.6,67.1,37.1,87.0,2400,7.9,0.2,45,0,15.46,26.58,286.33,1.59,1.33,0.97
Seoul National University,South Korea,2014,-0.5734279959591446,76.4,29.4,79.2,47.3,26389,13.9,0.1,66,20,3.0,15.11,99.77,2.08,0.81,1.42
University College London,United Kingdom,2015,-0.5729157407691111,70.4,90.6,80.4,85.1,26607,10.7,0.46,62,-5,3.02,2.52,40.7,2.04,1.28,1.29
University College London,United Kingdom,2014,-0.572826795493579,70.5,90.2,77.5,84.1,26607,10.7,0.46,61,-9,2.91,4.86,41.37,2.07,1.29,1.26
Pohang University of Science and Technology,South Korea,2013,-0.5720720016002264,63.9,28.8,63.9,88.2,3055,10.1,0.04,48,0,20.92,21.19,218.07,1.09,1.64,0.97
University of Toronto,Canada,2012,-0.5718528199818254,76.9,69.0,87.4,86.5,66198,19.5,0.15,53,-16,1.32,1.74,39.5,1.96,1.57,1.11
Seoul National University,South Korea,2015,-0.5717980034643902,75.5,30.3,77.1,48.7,26389,13.9,0.1,65,26,2.92,15.68,119.23,2.05,0.83,1.42
Pohang University of Science and Technology,South Korea,2012,-0.5715642513747224,56.4,25.0,51.9,92.3,3055,10.1,0.04,48,0,16.99,21.19,219.43,1.18,2.3,1.0
Cornell University,United States of America,2012,-0.5703554738040112,70.4,53.4,87.2,93.5,21424,10.2,0.19,74,8,4.07,1.37,43.5,1.49,1.31,1.43
University College London,United Kingdom,2013,-0.5696455652377083,83.5,89.0,88.8,86.8,26607,10.7,0.46,56,-13,3.34,4.58,41.27,2.09,1.25,1.15
École Normale Supérieure,France,2012,-0.5690074640598685,56.6,66.2,33.5,96.4,2400,7.9,0.2,45,0,13.96,26.58,289.47,1.58,1.34,0.96
Johns Hopkins University,United States of America,2013,-0.5675166589721856,81.8,57.3,85.5,95.3,15128,3.6,0.23,66,-1,5.65,5.83,35.77,1.6,1.25,1.27
Florida Institute of Technology,United States of America,2014,-0.5668667082672928,15.9,61.5,14.5,99.0,4408,13.7,0.26,44,-656,3.29,15.33,387.0,0.34,1.29,0.78
New York University,United States of America,2014,-0.5656201757072631,65.4,41.8,58.4,87.9,42056,6.8,0.19,72,23,1.39,2.5,49.63,1.4,1.15,1.28
École Polytechnique,France,2012,-0.565195398804857,50.4,86.1,38.8,89.1,2429,4.8,0.3,48,2,15.97,21.04,97.03,1.41,1.24,1.03
ETH Zurich – Swiss Federal Institute of Technology Zurich,Switzerland,2013,-0.5636658419982195,82.5,95.7,92.7,86.6,18178,14.7,0.37,45,0,5.1,14.29,286.2,1.91,1.13,0.92
Royal College of Surgeons in Ireland,Republic of Ireland,2015,-0.5629078565547854,24.7,82.6,18.9,43.5,2473,15.6,0.63,44,-360,7.64,13.97,375.17,0.83,0.72,0.98
Australian National University,Australia,2012,-0.560102766507727,62.8,93.8,75.1,72.6,14604,19.2,0.35,48,0,5.14,2.45,119.53,2.15,1.68,1.05
ETH Zurich – Swiss Federal Institute of Technology Zurich,Switzerland,2014,-0.5596318426547467,77.6,96.7,88.2,85.0,18178,14.7,0.37,45,0,4.85,14.29,285.67,1.97,1.17,0.89
Australian National University,Australia,2013,-0.5578309414709428,68.6,90.0,83.5,73.5,14604,19.2,0.35,44,-59,5.72,2.24,91.83,1.96,1.37,0.96
University of Melbourne,Australia,2012,-0.5576691383195463,62.2,82.5,72.4,80.7,40128,23.7,0.35,51,0,1.8,9.03,73.9,2.13,1.87,1.12
ETH Zurich – Swiss Federal Institute of Technology Zurich,Switzerland,2015,-0.5570109700014778,78.2,96.6,90.2,83.5,18178,14.7,0.37,45,0,4.96,14.29,285.17,1.91,1.13,0.91
"University of California, Berkeley",United States of America,2012,-0.5568441045931074,82.8,50.4,99.4,99.4,36186,16.4,0.15,60,-14,2.75,1.28,38.47,1.75,1.39,1.16
University of Nebraska Medical Center,United States of America,2015,-0.5566608007647591,36.4,34.8,16.5,51.5,2857,2.6,0.08,45,-98,5.78,83.85,272.83,0.77,0.67,0.8
Florida Institute of Technology,United States of America,2015,-0.5547397165649937,19.7,63.0,13.1,99.2,4408,13.7,0.26,44,-623,2.97,15.91,420.07,0.42,1.28,0.79
Sapienza University of Rome,Italy,2014,-0.5537872200664099,27.0,36.3,25.2,48.2,120986,32.3,0.07,52,210,0.21,0.99,153.4,0.89,0.77,1.14
University of São Paulo,Brazil,2014,-0.5526919181405224,47.2,24.9,50.8,29.4,81402,14.6,0.04,50,95,0.62,14.38,108.47,1.35,0.5,1.12
Novosibirsk State University,Russian Federation,2015,-0.5519550288779497,24.6,43.8,17.2,70.5,7131,7.1,0.13,44,-684,2.41,30.7,524.5,0.61,1.35,0.9
Murdoch University,Australia,2014,-0.5507728059507507,16.7,86.4,16.0,51.7,16606,32.8,0.43,44,-535,0.96,6.4,447.9,0.57,0.97,0.96
Carnegie Mellon University,United States of America,2013,-0.5506373811814581,71.8,51.4,87.0,95.5,11885,13.1,0.35,50,-29,7.32,2.06,90.17,1.41,1.25,0.96
University of Michigan,United States of America,2015,-0.5498567731797314,77.0,49.8,86.5,88.9,41786,9.0,0.16,68,-2,2.07,15.56,38.3,1.64,1.15,1.21
University of Melbourne,Australia,2013,-0.5491522233517294,68.4,77.2,82.5,83.7,40128,23.7,0.35,51,0,2.06,9.03,74.9,1.96,1.56,1.12
Indian Institute of Science,India,2015,-0.5491171370844697,32.6,18.2,39.5,51.6,3318,8.2,0.01,45,-172,11.9,26.59,366.53,0.99,0.89,1.01
Sapienza University of Rome,Italy,2013,-0.5481867962449064,35.3,33.2,30.6,39.1,120986,32.3,0.07,48,239,0.25,0.96,80.37,1.35,0.66,1.04
Peking University,China,2012,-0.5467022226999834,82.3,51.7,64.1,51.0,40148,8.3,0.14,55,0,1.6,25.78,136.67,1.83,1.32,1.14
National Taiwan University of Science and Technology (Taiwan Tech),Taiwan,2015,-0.5464961936898152,27.7,26.7,42.6,30.9,7446,17.4,0.11,44,-565,5.72,12.53,611.3,0.88,0.58,0.98
"University of California, Santa Barbara",United States of America,2015,-0.5461775687329947,49.4,64.3,61.4,99.2,22020,27.3,0.11,44,-899,2.79,7.99,483.73,1.05,1.28,0.79
Alexandria University,Egypt,2014,-0.5455686961935174,15.2,31.6,7.8,61.4,127431,23.3,0.01,44,0,0.06,9.01,603.8,0.52,0.99,0.99
Wuhan University of Technology,China,2014,-0.5454839595275806,14.8,18.9,7.8,78.1,50260,14.9,0.02,45,-450,0.16,14.09,497.03,0.43,1.28,1.0
ETH Zurich – Swiss Federal Institute of Technology Zurich,Switzerland,2012,-0.5452023716564623,79.1,97.5,85.8,87.2,18178,14.7,0.37,45,0,4.72,14.29,286.4,1.78,1.14,0.91
National Taiwan University of Science and Technology (Taiwan Tech),Taiwan,2014,-0.5444251816295771,25.5,21.6,40.4,33.0,7446,17.4,0.11,44,-542,5.43,12.07,602.33,0.82,0.61,0.98
École Polytechnique Fédérale de Lausanne,Switzerland,2014,-0.5443940431442187,52.9,98.2,48.3,95.9,9666,10.5,0.54,45,0,5.0,20.0,289.3,1.35,1.32,0.89
"University of California, Santa Cruz",United States of America,2014,-0.5438780120170894,25.9,39.4,29.1,99.9,17404,22.7,0.01,63,109,1.67,1.01,41.63,0.55,1.3,1.12
New York University,United States of America,2015,-0.5438434619430809,68.3,41.2,62.4,89.5,42056,6.8,0.19,68,20,1.48,2.65,54.83,1.45,1.16,1.21
Duke University,United States of America,2014,-0.5437709697562012,73.9,50.0,73.0,96.7,15172,4.8,0.17,64,-9,4.81,10.21,44.23,1.58,1.26,1.14
Korea Advanced Institute of Science and Technology (KAIST),South Korea,2013,-0.5429197047974655,69.9,31.1,68.9,58.4,9027,10.0,0.09,49,0,7.63,21.4,232.13,1.2,1.09,0.99
Tokyo Metropolitan University,Japan,2014,-0.5422040697416423,19.3,29.4,9.6,100.0,9303,9.9,0.04,45,-301,1.03,21.21,286.67,0.54,1.7,0.96
University of Michigan,United States of America,2014,-0.5421524949929696,70.0,49.5,86.2,90.8,41786,9.0,0.16,68,-3,2.06,14.56,38.6,1.5,1.18,1.21
New York University,United States of America,2013,-0.5418483570232547,73.8,38.7,67.4,89.2,42056,6.8,0.19,64,22,1.6,2.35,49.07,1.44,1.17,1.23
Tohoku University,Japan,2014,-0.541642778455241,51.8,29.3,48.1,47.3,17200,5.0,0.07,54,78,2.8,42.0,88.77,1.46,0.8,1.15
University of São Paulo,Brazil,2015,-0.5415939280074676,51.6,25.3,51.6,32.3,81402,14.6,0.04,49,69,0.63,14.93,118.1,1.46,0.55,1.1
Tokyo Metropolitan University,Japan,2013,-0.5415022210675738,19.0,19.6,9.8,97.1,9303,9.9,0.04,45,0,1.05,21.62,289.37,0.39,1.91,0.86
University of Texas at Austin,United States of America,2013,-0.5410233972025777,75.5,42.1,80.7,91.0,49427,17.4,0.09,58,-1,1.63,1.38,70.67,1.48,1.19,1.12
"University of California, Berkeley",United States of America,2013,-0.5401423310496235,85.1,49.7,99.3,99.3,36186,16.4,0.15,48,-56,2.74,2.38,75.77,1.67,1.3,0.92
Peking University,China,2014,-0.5400308749298153,72.3,60.6,58.1,62.8,40148,8.3,0.14,55,-10,1.45,25.3,155.93,2.09,1.03,1.22
Korea Advanced Institute of Science and Technology (KAIST),South Korea,2015,-0.5397286759537075,63.5,34.9,63.2,71.4,9027,10.0,0.09,49,-92,7.0,21.8,240.8,1.73,1.21,1.07
Karolinska Institute,Sweden,2012,-0.5382069077772363,69.9,82.0,73.8,73.1,7774,11.5,0.22,48,-38,9.49,3.65,72.37,2.03,1.29,1.02
University of Melbourne,Australia,2014,-0.5380949007298236,57.1,81.3,64.2,80.2,40128,23.7,0.35,51,-63,1.6,8.86,80.4,1.96,1.5,1.11
University of Hong Kong,Hong Kong,2013,-0.537397360325632,78.4,81.7,85.9,62.1,19835,17.6,0.38,49,0,4.33,12.16,138.03,1.67,1.1,1.05
Northwestern University,United States of America,2015,-0.537211397008941,72.7,36.7,78.9,96.9,18334,13.8,0.15,67,-1,4.3,7.54,52.63,1.54,1.25,1.2
Sapienza University of Rome,Italy,2012,-0.5370875058744925,29.6,32.4,27.2,29.2,120986,32.3,0.07,46,224,0.22,0.93,77.07,1.27,0.6,1.01
Duke University,United States of America,2015,-0.5365424772073045,73.5,50.5,75.2,96.6,15172,4.8,0.17,62,-10,4.96,11.67,44.87,1.56,1.25,1.11
"University of California, Davis",United States of America,2013,-0.5364927503500578,67.9,51.7,71.6,82.7,35364,13.9,0.13,68,28,2.02,0.86,34.57,1.33,1.08,1.31
Indian Institute of Science,India,2014,-0.5362326391499598,32.6,18.2,39.5,51.6,3318,8.2,0.01,45,0,11.9,25.61,385.2,0.97,0.91,1.0
Duke University,United States of America,2013,-0.5358816396393261,72.3,45.8,81.5,97.0,15172,4.8,0.17,58,-2,5.37,9.58,43.67,1.42,1.27,1.12
"University of California, Los Angeles",United States of America,2013,-0.5358167971739956,87.3,42.3,93.8,95.9,38206,10.3,0.15,48,-52,2.46,3.79,74.63,1.71,1.25,0.92
École Polytechnique Fédérale de Lausanne,Switzerland,2013,-0.5357858856979019,62.4,98.8,57.0,95.0,9666,10.5,0.54,45,0,5.9,20.0,289.0,1.44,1.25,0.92
Alexandria University,Egypt,2015,-0.5357438938123184,15.2,31.6,7.8,61.4,127431,23.3,0.01,44,0,0.06,9.36,538.13,0.52,0.99,1.0
Federico Santa María Technical University,Chile,2014,-0.5356679588026081,13.0,48.7,10.1,99.7,11718,34.0,0.02,44,0,0.86,6.18,510.23,0.53,1.56,0.98
University of Illinois at Urbana-Champaign,United States of America,2013,-0.5354166832537638,74.2,36.0,84.9,80.8,42727,18.7,0.2,58,9,1.99,1.07,60.27,1.45,1.06,1.12
Sapienza University of Rome,Italy,2015,-0.5349180491938355,32.3,37.5,28.1,50.7,120986,32.3,0.07,50,189,0.23,1.39,142.9,1.05,0.8,1.11
University of São Paulo,Brazil,2012,-0.534792100156635,61.7,22.9,58.0,18.8,81402,14.6,0.04,50,0,0.71,14.66,109.27,1.08,1.11,1.05
Peking University,China,2015,-0.5343897795667931,70.0,53.7,61.9,63.7,40148,8.3,0.14,54,-8,1.54,26.27,125.57,2.02,1.04,1.21
University of British Columbia,Canada,2012,-0.5342338379269903,68.6,88.7,78.6,85.2,50152,17.6,0.25,48,-45,1.57,5.28,57.07,1.75,1.54,1.01
National Research Nuclear University MePhI,Russian Federation,2013,-0.5339100977595076,20.9,18.8,10.6,100.0,7801,7.3,0.07,45,0,1.36,28.77,290.67,0.5,1.67,1.0
École Polytechnique Fédérale de Lausanne,Switzerland,2015,-0.5339000364958568,54.7,98.8,56.9,95.0,9666,10.5,0.54,45,0,5.89,20.0,289.0,1.33,1.29,0.91
Australian National University,Australia,2015,-0.5338099148126003,53.7,91.3,70.9,71.1,14604,19.2,0.35,48,-134,4.86,2.71,122.37,1.75,1.28,1.05
University of Illinois at Urbana-Champaign,United States of America,2014,-0.5326320743805486,66.0,41.1,78.9,79.4,42727,18.7,0.2,63,1,1.85,1.12,54.13,1.41,1.03,1.12
Peking University,China,2013,-0.5314975276575246,81.5,54.1,67.9,64.3,40148,8.3,0.14,55,0,1.69,25.78,141.1,1.69,1.23,1.14
"University of California, Los Angeles",United States of America,2012,-0.5311100416475737,85.9,41.0,92.5,97.3,38206,10.3,0.15,51,-34,2.42,3.69,68.77,1.81,1.36,0.98
University of Melbourne,Australia,2015,-0.5308891090529827,60.4,81.3,70.9,80.6,40128,23.7,0.35,51,-60,1.77,9.2,67.2,1.96,1.45,1.12
Yuan Ze University,Taiwan,2012,-0.5308102483274928,10.8,12.8,9.6,58.3,8663,20.6,0.04,44,0,1.11,10.39,614.43,0.39,1.62,0.96
Australian National University,Australia,2014,-0.530407754102464,51.8,91.4,65.1,71.2,14604,19.2,0.35,49,-112,4.46,2.45,117.73,1.78,1.33,1.07
University of São Paulo,Brazil,2013,-0.5303418072018931,63.0,24.5,65.7,30.2,81402,14.6,0.04,50,0,0.81,14.66,113.07,1.1,1.07,1.05
Northwestern University,United States of America,2014,-0.5302222186287415,70.2,34.4,76.0,97.1,18334,13.8,0.15,66,-1,4.14,7.61,51.37,1.5,1.27,1.17
Mines ParisTech,France,2012,-0.5301373515393852,39.6,58.7,23.2,55.1,1283,5.6,0.22,43,0,18.08,18.04,85.7,1.11,0.76,0.92
Carnegie Mellon University,United States of America,2012,-0.5301253816880898,65.7,55.0,79.5,97.4,11885,13.1,0.35,52,-22,6.69,1.98,86.47,1.39,1.37,1.0
Karolinska Institute,Sweden,2014,-0.5298552941246546,58.1,73.2,67.7,76.0,7774,11.5,0.22,54,-37,8.71,3.22,58.33,1.8,1.2,1.13
Tokyo Metropolitan University,Japan,2015,-0.529524509297913,19.6,39.5,9.8,100.0,9303,9.9,0.04,45,-275,1.05,22.02,293.67,0.55,1.68,0.97
Carnegie Mellon University,United States of America,2014,-0.5288412991702455,63.1,58.1,77.4,93.9,11885,13.1,0.35,55,-30,6.51,2.06,126.63,1.35,1.22,0.98
Korea Advanced Institute of Science and Technology (KAIST),South Korea,2014,-0.5286956366663778,65.6,34.3,60.0,67.0,9027,10.0,0.09,50,-72,6.65,21.0,230.67,1.79,1.15,1.08
Monash University,Australia,2014,-0.5280078164890857,42.5,78.3,48.9,65.4,50882,40.5,0.36,49,-79,0.96,5.19,153.8,1.46,1.22,1.07
University of Hong Kong,Hong Kong,2012,-0.5278189464812896,74.0,83.7,80.1,60.5,19835,17.6,0.38,49,0,4.04,12.16,137.5,1.76,1.18,1.05
Tohoku University,Japan,2015,-0.5277112172653018,49.7,29.7,47.3,49.6,17200,5.0,0.07,53,92,2.75,43.6,97.2,1.41,0.84,1.15
École Normale Supérieure de Lyon,France,2015,-0.5273850079407967,38.1,64.4,33.8,73.0,2218,8.0,0.14,45,-311,15.24,16.88,264.67,1.11,1.12,0.98
Royal College of Surgeons in Ireland,Ireland,2014,-0.527224003636397,24.7,82.6,18.9,43.5,2473,15.6,0.63,45,0,7.64,13.46,359.17,0.78,0.75,0.99
Dartmouth College,United States of America,2014,-0.5263693041805394,38.5,32.7,34.5,83.6,6178,6.6,0.16,58,82,5.58,31.82,124.2,0.82,1.09,1.03
Wuhan University of Technology,China,2015,-0.5262867597663847,16.2,21.4,8.0,75.8,50260,14.9,0.02,44,-326,0.16,14.63,478.27,0.47,1.23,0.98
Duke University,United States of America,2012,-0.5259849931760877,62.6,46.9,77.9,97.4,15172,4.8,0.17,58,-5,5.13,11.46,41.47,1.32,1.37,1.12
"Royal Holloway, University of London",United Kingdom,2014,-0.5256629055153219,30.4,92.6,21.2,97.5,8747,15.9,0.37,45,-439,2.42,13.21,273.5,0.89,1.49,0.93
Swedish University of Agricultural Sciences,Sweden,2015,-0.5253774707335751,27.9,49.6,25.2,59.9,3879,4.6,0.14,45,-165,6.5,47.39,251.97,0.83,0.94,0.95
Waseda University,Japan,2014,-0.5248454648656119,25.5,32.8,17.3,37.8,52316,16.9,0.08,59,0,0.33,12.43,234.93,0.72,0.64,1.26
Carnegie Mellon University,United States of America,2015,-0.5246817323719084,61.6,59.3,74.9,92.0,11885,13.1,0.35,54,-37,6.3,1.76,131.67,1.31,1.19,0.96
University of Texas at Austin,United States of America,2012,-0.5245380621773779,69.5,38.8,76.1,89.6,49427,17.4,0.09,56,-1,1.54,1.55,58.87,1.47,1.26,1.08
Alexandria University,Egypt,2012,-0.524402746109739,15.2,31.6,7.8,61.4,127431,23.3,0.01,44,0,0.06,9.18,570.8,1.0,1.0,1.0
Keio University,Japan,2015,-0.5243610108774724,32.4,20.25,24.95,32.9,33751,11.9,0.05,60,0,0.74,18.32,215.63,0.92,0.55,1.3
University of Texas at Austin,United States of America,2014,-0.5243407049561218,64.7,42.4,69.0,91.3,49427,17.4,0.09,63,-2,1.4,1.38,57.1,1.39,1.19,1.12
Saint Petersburg State University,Russia,2014,-0.5243122562574825,37.6,38.1,19.7,3.1,20836,5.2,0.07,46,0,0.94,40.38,410.7,1.21,0.08,1.02
Monash University,Australia,2015,-0.5238930950335825,43.7,79.6,54.4,65.7,50882,40.5,0.36,49,-62,1.07,5.38,127.9,1.42,1.18,1.07
University of Wisconsin-Madison,United States of America,2012,-0.5238884647441718,74.3,23.8,77.3,90.6,39655,10.8,0.11,60,2,1.95,3.06,47.2,1.57,1.27,1.16
Northeastern University,United States of America,2015,-0.5237327105077247,36.4,54.7,21.9,81.3,18539,15.1,0.26,44,-686,1.18,14.44,622.43,0.77,1.05,0.79
University of British Columbia,Canada,2013,-0.523565165683263,69.1,82.1,80.4,84.0,50152,17.6,0.25,49,-28,1.6,5.4,54.0,1.71,1.37,1.03
King Abdulaziz University,Saudi Arabia,2014,-0.5235446978303918,18.2,74.3,9.4,58.2,35889,8.4,0.21,44,-641,0.26,25.0,451.73,0.68,1.08,0.98
University of Illinois at Urbana-Champaign,United States of America,2012,-0.5235073133171418,67.9,50.7,81.3,81.5,42727,18.7,0.2,59,5,1.9,0.96,63.83,1.43,1.14,1.14
University of Nebraska Medical Center,USA,2014,-0.5233915294571113,36.4,34.8,16.5,51.5,2857,2.6,0.08,46,0,5.78,80.77,269.83,1.1,0.85,1.0
University of Illinois at Urbana-Champaign,United States of America,2015,-0.5229381804827634,67.7,43.9,79.0,77.8,42727,18.7,0.2,60,-4,1.85,1.12,55.93,1.44,1.0,1.07
"Royal Holloway, University of London",United Kingdom,2015,-0.522607604401926,29.1,94.4,22.4,98.9,8747,15.9,0.37,45,-422,2.56,13.71,277.63,0.84,1.49,0.94
Hong Kong University of Science and Technology,Hong Kong,2015,-0.5217741214784821,51.8,77.8,66.8,72.9,11385,23.8,0.36,46,-268,5.87,9.16,302.3,1.28,1.12,1.0
University of Alaska Fairbanks,United States of America,2014,-0.5211802873041642,26.1,38.2,25.5,57.4,3837,8.2,0.07,45,-345,6.65,25.61,335.13,0.56,0.75,0.8
Tokyo Metropolitan University,Japan,2012,-0.521149440389924,19.0,17.8,10.3,84.3,9303,9.9,0.04,45,0,1.11,21.62,285.1,0.43,2.14,0.87
Waseda University,Japan,2015,-0.5207789224873127,25.5,43.1,16.3,55.5,52316,16.9,0.08,58,313,0.31,12.9,270.83,0.72,0.93,1.26
Karolinska Institute,Sweden,2013,-0.5206576516904986,66.3,64.5,75.7,77.3,7774,11.5,0.22,48,-18,9.74,4.09,59.1,1.8,1.22,1.02
Lomonosov Moscow State University,Russian Federation,2015,-0.5204394611182903,55.9,60.4,42.1,33.8,30822,7.7,0.2,54,137,1.37,6.23,191.6,1.39,0.65,1.1
Lomonosov Moscow State University,Russian Federation,2013,-0.5203335461242088,63.5,50.3,48.1,19.7,30822,7.7,0.2,45,111,1.56,6.62,73.9,1.5,0.33,1.0
École Normale Supérieure de Lyon,France,2014,-0.519215244284026,37.1,63.3,35.2,67.7,2218,8.0,0.14,45,-306,15.87,15.75,260.23,1.08,1.03,0.97
"University of California, Irvine",United States of America,2014,-0.519202839851842,37.1,36.4,40.8,89.7,26614,16.1,0.16,44,-830,1.53,13.04,488.57,0.79,1.17,0.78
Monash University,Australia,2013,-0.5190940694943372,47.8,66.4,60.6,60.9,50882,40.5,0.36,49,0,1.19,5.28,139.3,1.37,1.13,1.07
École Polytechnique Fédérale de Lausanne,Switzerland,2012,-0.5186204252693037,53.1,98.9,43.9,95.3,9666,10.5,0.54,45,0,4.54,20.0,289.1,1.19,1.25,0.91
Dartmouth College,United States of America,2015,-0.5184717392197354,38.3,33.1,35.4,80.4,6178,6.6,0.16,56,108,5.73,33.03,127.8,0.81,1.04,1.0
University of Wisconsin-Madison,United States of America,2013,-0.518022029875183,76.1,29.8,80.1,88.2,39655,10.8,0.11,59,8,2.02,3.06,45.73,1.49,1.15,1.14
National Taiwan Ocean University,Taiwan,2015,-0.5179298835772375,12.5,14.3,19.7,31.0,8240,20.9,0.05,44,0,2.39,10.43,594.33,0.4,0.58,0.98
Saint Petersburg State University,Russia,2015,-0.5175225793568201,37.6,38.1,19.7,3.1,20836,5.2,0.07,45,0,0.94,41.92,407.37,1.07,0.07,0.99
University of Sydney,Australia,2012,-0.5175189031349873,55.4,88.1,65.7,57.2,41868,20.2,0.28,44,-36,1.57,5.0,78.07,1.89,1.32,0.96
"University of California, San Diego",United States of America,2013,-0.5172910227716045,63.4,34.2,79.0,96.2,27233,6.5,0.11,59,16,2.9,3.38,39.4,1.24,1.26,1.14
Wake Forest University,United States of America,2014,-0.5172866446268064,36.1,23.7,21.8,85.1,7326,4.6,0.05,49,35,2.98,45.65,157.03,0.77,1.11,0.87
Northwestern University,United States of America,2013,-0.5172580071106506,77.6,33.8,87.3,98.2,18334,13.8,0.15,56,-9,4.76,7.32,49.4,1.52,1.28,1.08
University of British Columbia,Canada,2015,-0.5169973791240925,60.5,84.8,69.0,85.3,50152,17.6,0.25,54,-30,1.38,5.28,52.77,1.67,1.35,1.16
National Taiwan University of Science and Technology (Taiwan Tech),Taiwan,2012,-0.5169288324400906,24.3,15.6,37.0,19.4,7446,17.4,0.11,44,0,4.97,12.3,602.47,0.87,0.54,0.96
Osaka University,Japan,2012,-0.5167691770359741,61.8,21.1,56.5,40.0,23144,7.8,0.09,54,87,2.44,5.64,45.0,1.38,1.01,1.05
Karolinska Institute,Sweden,2015,-0.5166067228450393,57.1,60.6,68.0,76.8,7774,11.5,0.22,53,-27,8.75,3.13,60.93,1.7,1.21,1.12
University of Wisconsin-Madison,United States of America,2015,-0.5161165774163752,67.7,33.6,71.3,87.7,39655,10.8,0.11,65,4,1.8,3.15,44.57,1.44,1.13,1.16
University of Texas at Austin,United States of America,2015,-0.5158558916151065,64.3,33.1,72.0,91.5,49427,17.4,0.09,61,-2,1.46,1.44,55.83,1.37,1.18,1.09
University of Washington,United States of America,2013,-0.5156205617565822,74.7,39.1,81.3,97.0,44020,11.8,0.13,56,-7,1.85,3.47,36.67,1.46,1.27,1.08
University of British Columbia,Canada,2014,-0.5152935991927974,59.9,84.2,67.9,83.7,50152,17.6,0.25,55,-30,1.35,5.23,51.23,1.69,1.35,1.16
Medical University of Vienna,Austria,2013,-0.5148537411673161,23.7,66.2,13.4,66.0,7426,2.9,0.28,46,0,1.8,73.79,183.0,0.72,1.16,1.01
Kyushu University,Japan,2014,-0.5148158062557507,38.6,24.5,28.0,30.9,18925,6.7,0.08,52,209,1.48,31.34,161.3,1.09,0.52,1.11
Wake Forest University,United States of America,2013,-0.5147917019119973,37.5,19.0,22.4,89.1,7326,4.6,0.05,49,0,3.06,46.52,156.03,0.73,1.17,0.94
Kyushu University,Japan,2015,-0.5146341601199779,36.5,26.1,28.5,33.6,18925,6.7,0.08,51,251,1.51,32.54,159.87,1.03,0.57,1.1
University of Edinburgh,United Kingdom,2012,-0.5145875863875603,63.0,79.8,61.4,92.3,25774,14.1,0.36,48,-24,2.38,3.05,67.77,1.79,1.52,1.0
Medical University of Vienna,Austria,2014,-0.514502877148668,25.9,69.4,15.9,68.3,7426,2.9,0.28,46,-59,2.14,72.41,197.77,0.83,1.15,1.01
Keio University,Japan,2014,-0.5143803377556323,32.4,20.25,24.95,32.9,33751,11.9,0.05,60,0,0.74,17.65,195.3,0.91,0.56,1.28
"University of Maryland, Baltimore County",United States of America,2012,-0.5142820127578221,17.6,18.6,14.5,52.8,13908,18.1,0.07,48,233,1.04,2.76,49.6,0.37,0.74,0.92
Georgia Institute of Technology,United States of America,2013,-0.513474602236506,70.2,66.3,79.5,90.3,19967,20.1,0.26,44,-75,3.98,5.02,78.1,1.37,1.18,0.85
University of Milan-Bicocca,Italy,2012,-0.5133919510028508,22.5,33.2,12.3,78.3,33370,72.5,0.05,45,0,0.37,2.95,246.77,0.97,1.61,0.98
McGill University,Canada,2012,-0.5133297558642179,72.8,81.4,78.4,77.1,31326,13.7,0.23,52,-13,2.5,3.94,54.37,1.86,1.4,1.09
University of Wisconsin-Madison,United States of America,2014,-0.5130465017302898,69.8,32.3,67.7,87.2,39655,10.8,0.11,66,5,1.71,3.15,44.73,1.5,1.14,1.17
Heriot-Watt University,United Kingdom,2012,-0.5129811690128298,21.5,82.6,16.2,18.8,8773,17.8,0.43,44,0,1.85,12.02,442.6,0.61,0.31,0.92
Monash University,Australia,2012,-0.5129575909347519,40.5,75.8,48.5,57.1,50882,40.5,0.36,49,0,0.95,5.28,138.03,1.39,1.32,1.07
Waseda University,Japan,2012,-0.5128885991978852,25.4,27.1,17.3,29.7,52316,16.9,0.08,58,0,0.33,12.66,247.23,0.57,0.75,1.12
National University of Singapore,Singapore,2015,-0.5128797644475265,72.0,94.9,78.1,66.0,31592,15.5,0.34,53,-40,2.47,14.06,89.67,1.24,0.93,1.04
Tsinghua University,China,2012,-0.5127976167749149,74.1,33.4,70.1,37.4,39763,13.7,0.1,52,0,1.76,15.62,104.13,1.65,0.97,1.08
National University of Singapore,Singapore,2013,-0.5127915153365667,74.4,92.3,87.2,67.2,31592,15.5,0.34,45,-58,2.76,6.52,72.73,1.24,1.1,0.96
Swedish University of Agricultural Sciences,Sweden,2014,-0.512537407494343,29.0,45.2,23.9,59.3,3879,4.6,0.14,45,-182,6.16,45.65,229.43,0.9,0.94,0.94
Keio University,Japan,2012,-0.51245050839538,32.3,18.3,21.9,26.1,33751,11.9,0.05,60,0,0.65,17.65,193.03,0.72,0.66,1.16
University of Bari Aldo Moro,Italy,2012,-0.5124361206128565,23.1,30.5,17.4,35.1,51560,65.1,0.02,45,0,0.34,3.29,288.7,0.99,0.72,0.98
Creighton University,United States of America,2015,-0.5123783391190456,40.7,29.1,10.4,63.3,7086,8.3,0.02,45,-207,1.47,26.27,385.1,0.86,0.82,0.8
New York University,United States of America,2012,-0.5121507025909636,60.2,38.1,65.4,92.3,42056,6.8,0.19,61,21,1.56,2.5,50.1,1.27,1.29,1.18
National Taiwan Ocean University,Taiwan,2014,-0.5116727052017316,12.5,14.3,19.7,31.0,8240,20.9,0.05,44,0,2.39,10.05,588.33,0.4,0.57,0.98
University of Michigan,United States of America,2013,-0.5116040613448275,76.1,47.6,91.4,91.6,41786,9.0,0.16,56,-12,2.19,11.22,39.2,1.49,1.2,1.08
Boğaziçi University,Turkey,2015,-0.5108739397132123,28.5,54.1,27.6,96.8,11506,25.0,0.07,44,-698,2.4,8.72,457.93,0.89,1.34,0.99
Wake Forest University,United States of America,2015,-0.5107103368948784,33.3,26.0,23.5,81.3,7326,4.6,0.05,49,42,3.21,47.39,151.1,0.71,1.05,0.87
Wake Forest University,United States of America,2012,-0.5106757705742024,36.4,17.2,21.6,86.1,7326,4.6,0.05,49,0,2.95,46.52,155.03,0.77,1.21,0.94
Murdoch University,Australia,2015,-0.5106709197340827,21.2,85.3,17.8,46.5,16606,32.8,0.43,44,-478,1.07,6.65,397.5,0.69,0.83,0.96
National Taiwan University,Taiwan,2012,-0.5106197322354921,47.8,20.7,58.5,39.2,31891,11.9,0.07,54,0,1.83,17.98,163.73,1.71,1.09,1.18
Tilburg University,Netherlands,2012,-0.5104939275208334,22.6,69.1,49.4,23.6,7576,22.4,0.1,45,0,6.52,9.55,470.53,0.62,0.39,0.95
University of Edinburgh,United Kingdom,2015,-0.5102653773642414,58.9,84.3,62.9,88.3,25774,14.1,0.36,54,-19,2.44,2.34,63.43,1.7,1.33,1.13
Heriot-Watt University,United Kingdom,2014,-0.5101501102687869,24.7,87.8,20.8,39.0,8773,17.8,0.43,45,-402,2.37,11.8,416.33,0.73,0.6,0.93
University of St Andrews,United Kingdom,2015,-0.5095530476878938,35.7,90.5,35.9,81.4,8338,12.7,0.47,46,-198,4.31,17.17,196.8,1.03,1.23,0.96
Novosibirsk State University,Russia,2014,-0.50909655939359,24.6,43.8,17.2,70.5,7131,7.1,0.13,44,0,2.41,29.58,529.83,0.79,1.92,0.98
Creighton University,United States of America,2014,-0.5088525576305566,41.3,21.7,10.9,68.2,7086,8.3,0.02,45,-214,1.54,25.3,312.07,0.88,0.89,0.8
Swedish University of Agricultural Sciences,Sweden,2013,-0.5088127220957271,28.4,46.8,25.3,54.6,3879,4.6,0.14,45,0,6.52,46.52,239.2,0.77,0.86,0.96
Yuan Ze University,Taiwan,2015,-0.5082781367456702,10.8,12.8,9.6,58.3,8663,20.6,0.04,44,0,1.11,10.58,618.1,0.34,1.1,0.98
University of Michigan,United States of America,2012,-0.5080776770938763,75.4,47.2,90.0,94.3,41786,9.0,0.16,54,-16,2.15,11.22,39.43,1.59,1.32,1.04
Yuan Ze University,Taiwan,2014,-0.5078620969526456,10.8,12.8,9.6,58.3,8663,20.6,0.04,44,0,1.11,10.19,610.77,0.35,1.08,0.98
Hong Kong University of Science and Technology,Hong Kong,2012,-0.5075156034479305,51.0,80.1,58.6,71.0,11385,23.8,0.36,46,0,5.15,8.99,301.67,1.21,1.38,0.99
National Autonomous University of Mexico,Mexico,2015,-0.5069191780299467,31.0,33.2,31.6,24.6,137378,11.6,0.05,46,0,0.23,18.79,203.87,0.96,0.56,1.02
University of Turin,Italy,2014,-0.5068574495817427,26.1,39.7,20.9,72.7,67552,66.0,0.06,47,-5,0.31,2.41,188.23,0.86,1.16,1.03
Medical University of Vienna,Austria,2015,-0.5067809826359975,28.6,73.1,17.0,71.1,7426,2.9,0.28,46,-14,2.29,75.17,170.37,0.91,1.16,1.02
University of Turin,Italy,2015,-0.506668924719426,29.4,39.3,20.3,72.5,67552,66.0,0.06,47,30,0.3,2.47,182.5,0.95,1.14,1.04
National Taiwan University,Taiwan,2013,-0.506568024617002,56.4,24.6,65.7,45.5,31891,11.9,0.07,54,0,2.06,17.98,165.83,1.55,1.17,1.17
Hong Kong University of Science and Technology,Hong Kong,2014,-0.5060736538510676,52.4,77.0,59.7,72.3,11385,23.8,0.36,46,-234,5.24,8.82,301.43,1.31,1.2,0.99
Hebrew University of Jerusalem,Israel,2012,-0.5056962752762248,47.7,53.0,56.4,48.4,17612,10.7,0.05,61,99,3.2,1.21,80.13,1.22,1.25,1.13
National University of Singapore,Singapore,2014,-0.5055694887968112,68.0,94.3,77.8,66.4,31592,15.5,0.34,54,-48,2.46,13.55,105.47,1.29,0.99,1.05
National Taiwan University,Taiwan,2015,-0.5054299180927898,48.8,27.5,57.3,47.7,31891,11.9,0.07,54,98,1.8,18.32,150.9,1.55,0.9,1.2
Osaka University,Japan,2014,-0.5053791245647924,52.5,27.6,47.6,50.4,23144,7.8,0.09,58,101,2.06,6.15,73.13,1.48,0.85,1.24
National Autonomous University of Mexico,Mexico,2014,-0.505322262466866,31.0,33.2,31.6,24.6,137378,11.6,0.05,46,0,0.23,18.1,211.53,0.96,0.56,1.01
