world_rank,university_name,country,teaching,international,research,citations,num_students,student_staff_ratio,international_students,year,cwur_world_rank,cwur_national_rank,cwur_quality_of_education,cwur_alumni_employment,cwur_quality_of_faculty,cwur_publications,cwur_influence,cwur_citations,cwur_broad_impact,cwur_patents,cwur_score
301.0,University of Porto,Portugal,17.7,42.0,13.0,43.9,32720.0,18.8,0.09,2012,301,2,88,372,90,268,387,257,345,416,46
193.0,City University of Hong Kong,Hong Kong,30.2,61.6,35.0,57.4,10015.0,7.1,0.28,2012,193,4,361,522,214,254,884,502,341,323,46
350.0,Polytechnic University of Catalonia,Spain,23.0,42.0,12.5,23.3,22893.0,11.7,0.28,2012,350,8,361,390,214,378,580,387,527,97,45
87.0,Uppsala University,Sweden,47.2,59.1,65.1,53.3,25266.0,18.2,0.12,2012,87,4,68,328,90,94,76,96,102,804,50
169.0,Université Catholique de Louvain,Belgium,29.2,72.5,34.7,65.5,28856.0,42.0,0.19,2012,169,4,361,266,100,231,306,124,186,208,47
251.0,Queen’s University Belfast,United Kingdom,26.5,89.5,21.3,42.0,17940.0,17.9,0.3,2012,251,32,176,393,214,307,280,274,304,557,46
201.0,National Tsing Hua University,Taiwan,42.7,17.7,44.5,39.7,10221.0,13.5,0.05,2012,201,4,253,499,214,234,416,460,380,642,45
350.0,Loughborough University,United Kingdom,27.9,66.7,25.7,9.2,13951.0,15.9,0.22,2012,350,53,361,522,214,504,792,560,637,558,44
350.0,University of Kent,United Kingdom,15.6,82.5,18.5,19.1,17638.0,14.4,0.27,2012,350,51,361,404,214,640,458,560,650,799,45
35.0,"University of California, Santa Barbara",United States of America,55.0,52.6,65.3,99.9,22020.0,27.3,0.11,2012,10,8,16,52,6,6,5,3,538,16,79
201.0,Autonomous University of Barcelona,Spain,33.7,45.9,27.9,57.9,30538.0,12.3,0.1,2012,201,3,361,522,214,145,219,257,218,240,47
186.0,Pompeu Fabra University,Spain,23.4,54.3,16.1,87.6,10901.0,18.3,0.13,2012,186,10,361,522,214,403,174,518,330,542,45
350.0,Massey University,New Zealand,17.4,77.8,17.2,24.5,19101.0,16.8,0.15,2012,350,5,361,472,214,561,564,710,574,680,45
301.0,University of Manitoba,Canada,29.5,40.2,31.7,27.7,28576.0,27.8,0.11,2012,301,10,153,88,152,259,302,216,252,201,47
251.0,Ruhr University Bochum,Germany,34.9,46.6,28.3,36.0,38675.0,46.3,0.13,2012,251,26,361,259,214,236,228,387,265,717,46
226.0,Dalhousie University,Canada,25.5,64.8,30.7,43.0,15064.0,14.4,0.18,2012,226,14,361,145,214,284,249,257,272,361,46
95.0,Williams College,USA,33.8,51.4,30.35,62.6,20951.0,16.2,0.14,2012,95,57,18,15,101,101,101,101,402,101,44
45.0,LMU Munich,Germany,63.8,54.3,59.9,84.6,35691.0,15.5,0.13,2012,45,18,355,424,210,404,404,368,402,426,45
226.0,Simon Fraser University,Canada,19.6,56.8,30.0,53.0,26640.0,28.3,0.19,2012,226,17,361,522,214,285,292,387,332,377,45
350.0,University of Zaragoza,Spain,14.5,28.8,9.3,38.4,31046.0,11.8,0.05,2012,350,14,360,424,214,346,680,460,480,307,45
301.0,University of Waikato,New Zealand,13.3,87.0,13.9,47.8,10159.0,17.0,0.25,2012,301,6,361,407,214,959,865,502,914,592,44
144.0,Rensselaer Polytechnic Institute,United States of America,31.7,32.7,40.4,73.6,6671.0,15.0,0.16,2012,144,105,128,132,214,388,345,170,282,174,47
107.0,"Royal Holloway, University of London",United Kingdom,28.6,93.3,24.1,98.2,8747.0,15.9,0.37,2012,107,41,361,522,214,562,312,417,444,464,45
124.0,Seoul National University,South Korea,64.6,16.3,50.8,44.0,26389.0,13.9,0.1,2012,75,1,101,34,101,44,101,69,110,4,47
350.0,Swinburne University of Technology,Australia,15.5,64.6,11.3,35.6,20314.0,36.5,0.33,2012,350,20,361,522,214,656,452,502,624,754,44
187.0,University of Tübingen,Germany,34.4,58.1,24.1,67.6,28327.0,38.9,0.12,2012,187,8,66,484,102,150,132,152,116,226,49
36.0,University of Edinburgh,United Kingdom,63.0,79.8,61.4,92.3,25774.0,14.1,0.36,2012,60,1,71,101,43,64,41,70,44,101,48
350.0,Yuan Ze University,Taiwan,10.8,12.8,9.6,58.3,8663.0,20.6,0.04,2012,350,20,361,522,214,908,979,806,932,804,44
201.0,Ulm University,Germany,40.8,50.8,18.8,46.7,9187.0,11.2,0.1,2012,201,18,355,424,210,404,404,368,402,426,45
251.0,University of Wollongong,Australia,21.4,88.7,23.0,43.5,16489.0,25.4,0.24,2012,251,10,361,272,214,438,446,518,456,416,45
251.0,University of Bath,United Kingdom,25.2,80.6,23.2,39.9,12830.0,18.8,0.3,2012,251,36,361,360,214,388,378,298,354,515,45
27.0,University of Wisconsin-Madison,United States of America,74.3,23.8,77.3,90.6,39655.0,10.8,0.11,2012,25,18,64,63,33,17,30,21,28,21,60
33.0,"University of California, San Diego",United States of America,61.4,31.5,72.0,97.8,27233.0,6.5,0.11,2012,47,35,101,101,38,59,57,52,7,65,51
32.0,Karolinska Institute,Sweden,69.9,82.0,73.8,73.1,7774.0,11.5,0.22,2012,70,1,51,101,42,84,49,95,35,101,48
84.0,Pierre and Marie Curie University,France,56.3,66.7,30.5,81.1,27862.0,8.7,0.18,2012,63,4,54,101,84,36,53,78,64,101,48
201.0,Umeå University,Sweden,20.8,52.0,29.2,59.4,16667.0,11.9,0.07,2012,201,7,361,522,214,276,198,216,217,804,46
121.0,University of York,United Kingdom,36.7,72.7,38.8,71.6,20951.0,16.2,0.14,2012,121,30,361,522,214,271,207,160,298,444,46
251.0,Brunel University London,United Kingdom,17.4,89.9,20.3,51.7,12613.0,17.6,0.38,2012,251,36,361,192,214,492,644,560,428,574,45
197.0,University of Leicester,United Kingdom,27.6,84.9,30.3,56.3,14541.0,13.4,0.35,2012,197,20,361,522,214,256,140,208,178,379,47
350.0,Polytechnic University of Turin,Italy,19.3,32.4,12.1,29.1,27709.0,19.6,0.16,2012,350,32,361,522,214,464,786,722,650,232,45
301.0,Sungkyunkwan University (SKKU),South Korea,31.4,26.6,32.1,23.9,24365.0,20.3,0.09,2012,301,7,361,208,214,200,324,174,282,62,47
301.0,Polytechnic University of Milan,Italy,24.1,33.6,17.6,33.9,30025.0,22.2,0.12,2012,301,20,102,192,188,359,521,518,504,286,45
301.0,Lehigh University,United States of America,20.2,26.5,18.1,44.9,6300.0,11.3,0.15,2012,301,103,361,46,214,604,527,560,517,508,47
251.0,Nanjing University,China,40.9,25.0,24.2,42.3,29743.0,13.3,0.1,2012,251,6,336,404,214,141,364,298,276,110,47
276.0,University of Crete,Greece,13.1,42.6,12.6,66.7,14650.0,26.9,0.05,2012,276,3,361,522,214,486,508,458,431,804,45
30.0,University of Tokyo,Japan,86.1,23.0,80.3,69.1,26199.0,5.7,0.1,2012,14,1,32,19,31,8,19,23,28,3,69
148.0,University of Birmingham,United Kingdom,42.6,70.3,42.6,50.6,25295.0,16.4,0.23,2012,148,11,62,138,202,116,162,148,136,187,49
201.0,University of Gothenburg,Sweden,25.8,48.4,37.7,55.7,26420.0,16.4,0.12,2012,201,6,252,308,94,197,192,122,154,804,48
201.0,University of Cincinnati,United States of America,29.0,20.6,24.9,69.0,36108.0,15.7,0.06,2012,201,75,246,109,214,148,168,144,128,234,49
191.0,University of Bergen,Norway,29.0,73.5,26.6,65.2,11623.0,11.1,0.12,2012,191,3,361,522,214,239,204,248,236,804,46
151.0,Free University of Berlin,Germany,46.3,62.1,48.5,42.5,33062.0,39.3,0.2,2012,151,6,85,513,124,116,81,242,90,471,49
178.0,University of São Paulo,Brazil,61.7,22.9,58.0,18.8,81402.0,14.6,0.04,2012,178,1,300,70,214,60,184,125,163,724,50
350.0,"National University of Ireland, Maynooth",Republic of Ireland,22.9,74.8,18.6,22.1,7653.0,28.0,0.11,2012,350,7,215,478,210,1000,716,800,800,552,44
301.0,University of Modena and Reggio Emilia,Italy,14.5,26.8,15.7,50.8,19693.0,25.3,0.06,2012,301,23,361,522,214,435,480,339,360,673,45
189.0,University of Western Australia,Australia,32.1,90.0,35.8,47.8,20851.0,20.7,0.27,2012,189,7,150,352,142,156,198,326,178,386,47
71.0,Tsinghua University,China,74.1,33.4,70.1,37.4,39763.0,13.7,0.1,2012,71,2,302,68,214,71,175,100,159,23,52
43.0,University of North Carolina at Chapel Hill,United States of America,67.6,20.2,62.6,92.6,26518.0,7.3,0.08,2012,36,25,101,86,56,31,29,31,22,29,53
145.0,University of East Anglia,United Kingdom,26.5,68.5,26.1,85.6,14992.0,14.7,0.28,2012,145,32,196,522,176,352,210,166,316,568,46
169.0,Nanyang Technological University,Singapore,41.4,89.8,47.8,34.5,25028.0,16.2,0.33,2012,169,2,361,522,214,106,374,216,228,29,49
301.0,University of South Florida,United States of America,22.1,15.0,30.1,36.6,31424.0,21.5,0.1,2012,301,18,355,424,210,404,404,368,402,426,45
350.0,Flinders University,Australia,18.2,59.9,19.1,20.3,15655.0,22.6,0.15,2012,350,14,102,522,214,534,577,710,614,662,45
276.0,Montpellier University,France,24.3,52.9,8.7,62.3,36731.0,18.4,0.14,2012,276,18,355,424,210,404,404,368,402,426,45
350.0,Kobe University,Japan,28.3,18.1,15.5,24.3,15885.0,8.4,0.06,2012,350,12,58,301,106,358,265,302,326,304,47
201.0,University of Western Ontario,Canada,38.8,55.7,34.3,38.5,27387.0,20.7,0.16,2012,201,18,355,424,210,404,404,368,402,426,45
201.0,University of Innsbruck,Austria,23.1,90.7,13.8,65.7,18209.0,16.9,0.39,2012,201,3,194,406,114,422,224,298,296,408,46
301.0,Boğaziçi University,Turkey,24.5,36.2,19.7,45.7,11506.0,25.0,0.07,2012,301,8,361,498,214,830,793,502,815,780,44
157.0,University of Warwick,United Kingdom,39.7,85.5,44.5,45.0,18529.0,16.6,0.37,2012,157,28,204,419,163,214,246,180,317,246,46
350.0,University of Bari Aldo Moro,Italy,23.1,30.5,17.4,35.1,51560.0,65.1,0.02,2012,350,17,361,522,214,348,329,502,320,432,45
226.0,Colorado State University,United States of America,26.9,25.5,32.0,51.2,26769.0,19.0,0.05,2012,226,18,355,424,210,404,404,368,402,426,45
276.0,University of Newcastle,Australia,18.2,76.3,27.1,35.8,23508.0,21.9,0.18,2012,276,12,361,522,214,421,486,710,433,480,45
226.0,Carleton University,Canada,17.0,58.6,24.2,61.6,25036.0,29.8,0.18,2012,226,22,361,508,214,488,740,287,552,804,45
143.0,"University of California, Riverside",United States of America,27.8,30.0,30.9,89.6,20626.0,22.0,0.12,2012,47,35,101,101,38,59,57,52,7,65,51
276.0,University of Iceland,Iceland,10.7,56.9,17.3,62.4,13960.0,25.9,0.08,2012,276,1,361,522,214,620,303,316,389,788,45
157.0,Erasmus University Rotterdam,Netherlands,28.8,65.0,27.2,77.4,20580.0,18.9,0.18,2012,157,2,361,56,186,88,144,64,44,227,52
40.0,National University of Singapore,Singapore,65.7,93.0,79.0,63.4,31592.0,15.5,0.34,2012,40,1,355,99,210,37,125,78,96,25,53
169.0,Paris Diderot University – Paris 7,France,23.3,70.7,18.7,88.9,27756.0,14.8,0.17,2012,169,5,117,478,72,105,60,115,102,426,49
150.0,Brandeis University,United States of America,25.3,40.3,27.3,90.2,5495.0,12.6,0.22,2012,150,102,50,326,78,538,182,460,326,188,47
13.0,"University of California, Los Angeles",United States of America,85.9,41.0,92.5,97.3,38206.0,10.3,0.15,2012,47,35,101,101,38,59,57,52,465,65,51
276.0,University of Trento,Italy,21.9,49.7,20.0,51.5,16841.0,43.2,0.08,2012,276,31,361,522,214,489,562,488,495,799,45
6.0,University of Cambridge,United Kingdom,90.5,85.3,94.2,97.3,18812.0,11.8,0.34,2012,4,1,10,24,4,16,16,11,13,50,86
77.0,University of Colorado Boulder,United States of America,39.5,30.8,42.6,98.2,29325.0,16.1,0.08,2012,46,34,83,88,48,71,54,56,76,101,51
64.0,University of Massachusetts,United States of America,54.0,27.3,58.3,80.1,56959.0,13.0,0.11,2012,64,18,355,424,210,404,404,368,402,426,45
201.0,University of Medicine and Dentistry of New Jersey,United States of America,48.5,31.0,14.4,55.6,20951.0,16.2,0.14,2012,201,18,355,424,210,404,404,368,402,426,45
199.0,Goethe University Frankfurt,Germany,33.3,57.6,29.7,73.9,31861.0,9.3,0.15,2013,199,10,108,255,76,177,153,206,124,304,48
134.0,University of Utah,United States of America,43.3,25.2,41.3,81.0,25674.0,16.9,0.09,2013,42,29,101,101,42,93,61,85,92,27,51
124.0,University of Warwick,United Kingdom,48.9,80.9,50.5,58.8,18529.0,16.6,0.37,2013,124,28,204,419,163,214,246,180,317,246,46
251.0,University of Milan-Bicocca,Italy,26.1,36.2,21.1,76.0,33370.0,72.5,0.05,2013,251,19,361,522,214,397,316,346,340,374,45
50.0,Pohang University of Science and Technology,South Korea,63.9,28.8,63.9,88.2,3055.0,10.1,0.04,2013,50,6,361,522,214,282,350,216,288,24,48
154.0,RWTH Aachen University,Germany,45.3,53.9,32.4,73.8,37917.0,27.6,0.16,2013,154,18,352,262,126,197,362,184,224,148,47
97.0,"University of Maryland, College Park",United States of America,44.9,40.4,51.4,83.9,31331.0,8.4,0.09,2013,59,40,79,101,53,49,77,40,259,101,48
276.0,Colorado State University,United States of America,30.8,29.8,32.0,55.8,26769.0,19.0,0.05,2013,276,18,355,424,210,404,404,368,402,426,45
276.0,Shanghai Jiao Tong University,China,43.4,20.7,37.9,31.3,38191.0,12.8,0.06,2013,276,4,330,146,214,92,258,231,222,168,48
351.0,National Taiwan University of Science and Technology (Taiwan Tech),Taiwan,26.8,18.8,42.5,33.1,7446.0,17.4,0.11,2013,351,16,361,522,214,604,982,806,868,780,44
201.0,Brandeis University,United States of America,27.3,45.3,27.9,83.1,5495.0,12.6,0.22,2013,201,102,50,326,78,538,182,460,326,188,47
1.0,California Institute of Technology,United States of America,96.3,59.8,99.4,99.7,2243.0,6.9,0.27,2013,11,9,5,101,7,38,24,25,24,17,78
127.0,Radboud University Nijmegen,Netherlands,35.7,53.4,54.3,73.3,17713.0,13.0,0.1,2013,127,6,123,214,214,90,120,104,78,481,50
20.0,University of Michigan,United States of America,76.1,47.6,91.4,91.6,41786.0,9.0,0.16,2013,32,23,35,27,101,3,18,8,12,6,56
276.0,University of Newcastle,Australia,21.1,70.5,29.0,49.8,23508.0,21.9,0.18,2013,276,12,361,522,214,421,486,710,433,480,45
86.0,Nanyang Technological University,Singapore,45.7,90.5,66.9,54.5,25028.0,16.2,0.33,2013,86,2,361,522,214,106,374,216,228,29,49
301.0,"National University of Ireland, Galway",Republic of Ireland,22.6,69.3,19.8,51.9,14067.0,26.8,0.14,2013,301,7,230,522,214,996,713,806,804,556,44
91.0,University of Colorado Boulder,United States of America,42.3,34.7,44.4,97.1,29325.0,16.1,0.08,2013,41,28,82,84,38,75,68,54,76,101,51
251.0,Norwegian University of Science and Technology,Norway,34.2,57.5,27.7,50.8,17381.0,13.9,0.09,2013,251,2,242,141,142,276,358,216,275,350,47
110.0,Trinity College Dublin,Republic of Ireland,41.9,84.5,33.5,88.1,15521.0,18.0,0.25,2013,110,18,355,424,210,404,404,368,402,426,45
137.0,Hebrew University of Jerusalem,Israel,48.8,50.3,55.8,57.0,17612.0,10.7,0.05,2013,21,1,15,101,15,101,96,101,147,24,60
301.0,York University,Canada,20.9,50.7,30.1,50.5,48007.0,39.4,0.09,2013,301,16,361,135,214,390,402,257,398,804,46
88.0,University of Texas MD Anderson Cancer Center,USA,33.8,51.4,30.35,62.6,20951.0,16.2,0.14,2013,88,53,101,101,101,90,32,56,30,101,45
226.0,Chalmers University of Technology,Sweden,29.9,65.3,41.5,47.7,8605.0,11.6,0.15,2013,226,9,355,322,214,363,430,460,343,804,45
88.0,McMaster University,Canada,42.3,66.9,47.9,81.7,23823.0,19.3,0.15,2013,88,6,216,270,161,128,158,94,84,190,49
226.0,Tulane University,United States of America,42.8,31.2,22.6,66.8,11381.0,8.4,0.08,2013,226,100,311,118,214,364,298,274,233,226,47
148.0,Arizona State University,United States of America,38.4,27.4,45.2,79.9,83236.0,29.9,0.09,2013,73,46,101,101,73,101,101,89,142,20,47
201.0,Sungkyunkwan University (SKKU),South Korea,47.1,30.9,48.7,39.3,24365.0,20.3,0.09,2013,201,7,361,208,214,200,324,174,282,62,47
156.0,Yeshiva University,United States of America,51.7,28.4,30.1,78.8,6753.0,5.5,0.07,2013,156,76,187,522,214,192,88,160,102,133,48
276.0,University of Southern Denmark,Denmark,18.6,67.3,19.6,67.3,22210.0,12.7,0.16,2013,276,4,361,522,214,383,322,316,292,300,46
201.0,University of Konstanz,Germany,32.6,58.5,35.6,64.5,10930.0,59.1,0.12,2013,201,37,361,522,188,475,342,430,398,548,45
68.0,Korea Advanced Institute of Science and Technology (KAIST),South Korea,69.9,31.1,68.9,58.4,9027.0,10.0,0.09,2013,68,4,361,140,214,184,272,366,298,10,49
108.0,University of St Andrews,United Kingdom,43.2,86.3,43.8,76.6,8338.0,12.7,0.47,2013,108,28,135,492,214,312,190,342,281,234,46
29.0,National University of Singapore,Singapore,74.4,92.3,87.2,67.2,31592.0,15.5,0.34,2013,87,1,101,101,101,44,101,50,96,27,45
81.0,Pierre and Marie Curie University,France,59.2,64.4,43.5,80.6,27862.0,8.7,0.18,2013,48,2,19,101,84,31,50,78,64,81,51
226.0,Carleton University,Canada,18.3,56.8,26.7,75.1,25036.0,29.8,0.18,2013,226,22,361,508,214,488,740,287,552,804,45
8.0,Imperial College London,United Kingdom,88.0,91.4,90.9,93.0,15060.0,11.7,0.51,2013,27,3,101,92,35,17,22,19,18,48,57
77.0,Delft University of Technology,Netherlands,59.9,67.7,75.1,45.1,15920.0,19.4,0.25,2013,77,9,298,337,214,223,218,257,246,186,47
145.0,Lancaster University,United Kingdom,37.7,76.2,40.9,73.2,11512.0,14.9,0.33,2013,145,36,361,350,214,368,398,242,374,655,45
301.0,Zhejiang University,China,40.3,20.1,34.5,32.6,47508.0,15.9,0.05,2013,301,4,361,301,214,78,304,430,278,100,48
226.0,University of the Witwatersrand,South Africa,28.6,65.1,38.3,49.8,23321.0,18.6,0.09,2013,226,1,70,30,170,449,239,316,460,275,50
67.0,Utrecht University,Netherlands,48.0,47.3,64.7,82.4,30779.0,15.4,0.07,2013,84,1,101,101,101,39,44,47,48,101,46
351.0,University of Oklahoma,United States of America,36.8,24.2,17.8,42.9,20951.0,16.2,0.14,2013,351,18,355,424,210,404,404,368,402,426,45
10.0,University of Chicago,United States of America,89.6,55.3,92.9,98.7,14221.0,6.9,0.21,2013,9,7,9,19,8,37,21,30,20,101,79
201.0,Johannes Gutenberg University of Mainz,Germany,33.5,57.0,18.4,85.2,35609.0,32.6,0.1,2013,201,20,361,522,191,207,176,206,164,580,47
19.0,Northwestern University,United States of America,77.6,33.8,87.3,98.2,18334.0,13.8,0.15,2013,28,21,101,21,101,27,26,24,26,30,56
251.0,Dalhousie University,Canada,30.2,59.1,29.8,54.3,15064.0,14.4,0.18,2013,251,14,361,145,214,284,249,257,272,361,46
140.0,VU University Amsterdam,Netherlands,40.5,47.1,45.1,74.2,23280.0,16.3,0.06,2013,140,6,361,392,214,81,122,78,82,804,49
122.0,"University of California, Santa Cruz",United States of America,32.1,32.5,39.6,99.9,17404.0,22.7,0.01,2013,65,43,101,101,39,69,67,61,32,101,48
94.0,University of Notre Dame,United States of America,48.3,41.6,39.6,93.5,11829.0,13.8,0.1,2013,94,44,209,22,152,242,236,170,236,330,53
226.0,Indian Institute of Technology Kharagpur,India,44.2,16.1,45.3,39.0,9928.0,17.5,0.0,2013,226,8,361,222,214,500,970,806,694,535,45
11.0,Yale University,United States of America,93.2,54.7,92.5,94.8,11751.0,4.4,0.2,2013,10,8,10,25,13,20,12,22,20,42,79
276.0,Istanbul Technical University,Turkey,34.9,20.8,25.5,52.9,34550.0,16.0,0.05,2013,276,4,361,414,214,644,866,366,734,738,44
226.0,University of Otago,New Zealand,28.8,85.4,30.9,54.8,18600.0,20.3,0.21,2013,226,2,361,374,214,315,346,254,313,590,46
351.0,Temple University,United States of America,37.2,20.1,18.8,43.3,33268.0,13.3,0.05,2013,351,134,267,516,214,334,364,502,352,202,45
130.0,University of Lausanne,Switzerland,33.0,82.7,44.8,76.2,11964.0,13.1,0.22,2013,130,6,98,380,214,236,104,124,122,660,48
276.0,University of South Carolina,United States of America,37.5,31.3,28.0,53.2,29336.0,16.3,0.01,2013,276,18,355,424,210,404,404,368,402,426,45
351.0,University of Valencia,Spain,17.2,40.8,14.5,62.8,58413.0,15.4,0.09,2013,351,4,361,467,214,209,345,242,258,550,46
251.0,University of Milan,Italy,36.3,35.7,24.2,61.0,58618.0,24.3,0.05,2013,251,2,162,454,180,114,186,206,110,460,48
351.0,University of Ferrara,Italy,19.2,41.4,13.0,58.5,18882.0,30.2,0.07,2013,351,16,361,522,214,408,392,298,306,604,45
351.0,"National University of Ireland, Maynooth",Republic of Ireland,25.7,69.2,23.9,28.1,7653.0,28.0,0.11,2013,351,7,215,478,210,1000,716,800,800,552,44
189.0,Medical University of South Carolina,United States of America,46.2,27.7,39.6,59.7,20951.0,16.2,0.14,2013,189,117,361,522,214,319,360,298,228,530,46
65.0,Hong Kong University of Science and Technology,Hong Kong,56.9,78.1,64.6,68.9,11385.0,23.8,0.36,2013,65,3,361,319,214,256,468,366,298,156,46
176.0,University of East Anglia,United Kingdom,29.6,68.9,27.7,85.5,14992.0,14.7,0.28,2013,176,32,196,522,176,352,210,166,316,568,46
301.0,Washington State University,United States of America,29.9,33.9,30.6,47.1,24550.0,18.3,0.07,2013,301,124,361,284,126,314,228,369,328,234,46
92.0,Paris-Sud University,France,48.0,63.9,45.9,82.9,27603.0,15.0,0.17,2013,92,18,355,424,210,404,404,368,402,426,45
351.0,"University of the Andes, Colombia",Colombia,15.5,53.0,11.4,68.2,15773.0,16.9,0.02,2013,351,18,355,424,210,404,404,368,402,426,45
226.0,Florida Institute of Technology,United States of America,16.2,58.4,11.9,92.5,4408.0,13.7,0.26,2013,226,218,361,522,214,966,746,366,785,804,44
201.0,Autonomous University of Barcelona,Spain,39.0,47.1,35.7,62.8,30538.0,12.3,0.1,2013,201,3,361,522,214,145,219,257,218,240,47
200.0,"Birkbeck, University of London",United Kingdom,27.6,83.2,30.5,72.8,9454.0,17.2,0.38,2013,200,50,290,522,199,721,341,460,596,804,45
120.0,University of Nottingham,United Kingdom,48.1,70.1,50.8,62.8,30144.0,15.0,0.27,2013,120,10,128,109,85,113,174,146,138,138,49
167.0,University of Texas at Dallas,United States of America,32.6,46.8,32.2,85.2,16306.0,22.8,0.23,2013,167,66,361,202,214,234,126,60,46,310,49
351.0,University of Houston,United States of America,37.5,32.6,25.0,35.0,40325.0,43.7,0.09,2013,351,75,361,41,214,312,274,502,352,122,48
201.0,Northeastern University,United States of America,40.1,41.0,21.2,76.4,18539.0,15.1,0.26,2013,201,87,331,243,214,571,640,531,640,406,45
351.0,University of Tartu,Estonia,18.6,42.4,27.4,52.4,10269.0,13.0,0.03,2013,351,1,359,522,214,593,353,387,476,342,45
226.0,University of South Florida,United States of America,32.6,19.7,42.0,48.4,31424.0,21.5,0.1,2013,226,18,355,424,210,404,404,368,402,426,45
106.0,Vanderbilt University,United States of America,51.5,27.5,40.9,85.0,12161.0,3.6,0.1,2013,61,41,101,101,101,53,40,60,40,40,48
301.0,Polytechnic University of Milan,Italy,27.2,38.1,23.8,47.7,30025.0,22.2,0.12,2013,301,20,102,192,188,359,521,518,504,286,45
351.0,University of Wyoming,United States of America,18.6,28.1,24.2,47.5,20951.0,16.2,0.14,2013,351,154,361,227,214,532,322,342,464,403,45
351.0,University of Liège,Belgium,21.9,67.8,16.9,48.4,20951.0,25.9,0.23,2013,351,6,139,522,140,315,216,272,298,256,46
301.0,University of Manitoba,Canada,31.6,38.6,32.4,44.4,28576.0,27.8,0.11,2013,301,10,153,88,152,259,302,216,252,201,47
301.0,University of Pisa,Italy,22.6,29.6,23.2,63.8,47247.0,18.0,0.04,2013,301,8,270,469,214,228,364,206,260,477,46
351.0,University of Valencia,Spain,16.6,39.3,12.4,59.0,58413.0,15.4,0.09,2014,301,4,355,464,210,210,342,220,261,552,46
78.0,University of Pittsburgh,United States of America,48.6,29.4,45.4,84.4,26485.0,5.8,0.1,2014,53,34,76,195,210,25,58,21,24,64,56
555.0,Nagoya City University,Japan,33.8,51.4,30.35,62.6,20951.0,16.2,0.14,2014,555,33,355,306,210,764,531,310,531,307,45
945.0,Xiangtan University,China,33.8,51.4,30.35,62.6,20951.0,16.2,0.14,2014,945,65,355,393,210,893,918,800,973,737,44
201.0,University of Science and Technology of China,China,38.7,25.8,26.1,69.6,14290.0,7.9,0.02,2014,270,8,355,238,210,144,275,363,266,481,47
634.0,Braunschweig University of Technology,Germany,33.8,51.4,30.35,62.6,20951.0,16.2,0.14,2014,634,45,207,478,210,541,369,609,605,481,45
379.0,University of Texas Medical Branch at Galveston,USA,33.8,51.4,30.35,62.6,20951.0,16.2,0.14,2014,379,135,355,478,210,365,294,363,334,227,46
18.0,University of Michigan,United States of America,70.0,49.5,86.2,90.8,41786.0,9.0,0.16,2014,21,16,29,19,131,3,20,5,10,19,68
333.0,Vita-Salute San Raffaele University,Italy,33.8,51.4,30.35,62.6,20951.0,16.2,0.14,2014,333,10,355,478,210,484,303,310,238,737,46
493.0,University of Ulsan,South Korea,33.8,51.4,30.35,62.6,20951.0,16.2,0.14,2014,493,18,355,247,210,437,662,609,460,637,45
471.0,Shinshu University,Japan,33.8,51.4,30.35,62.6,20951.0,16.2,0.14,2014,471,26,355,333,210,564,568,283,442,204,45
97.0,University of Colorado Boulder,United States of America,34.2,40.5,33.3,97.3,29325.0,16.1,0.08,2014,63,41,75,56,41,97,35,75,77,128,54
136.0,"University of California, Santa Cruz",United States of America,25.9,39.4,29.1,99.9,17404.0,22.7,0.01,2014,27,20,355,478,23,24,8,17,9,57,63
532.0,University of Nice Sophia Antipolis,France,33.8,51.4,30.35,62.6,20951.0,16.2,0.14,2014,532,23,252,478,210,467,265,609,460,373,45
337.0,National Autonomous University of Mexico,Mexico,31.0,33.2,31.6,24.6,137378.0,11.6,0.05,2014,337,1,299,478,210,181,204,406,326,481,46
56.0,Korea Advanced Institute of Science and Technology (KAIST),South Korea,65.6,34.3,60.0,67.0,9027.0,10.0,0.09,2014,128,3,355,85,210,186,262,363,306,11,50
359.0,University of Perugia,Italy,33.8,51.4,30.35,62.6,20951.0,16.2,0.14,2014,359,13,355,478,210,367,341,406,281,637,46
150.0,Tohoku University,Japan,51.8,29.3,48.1,47.3,17200.0,5.0,0.07,2014,72,6,40,241,210,56,112,107,112,21,54
201.0,Laval University,Canada,37.7,54.0,29.1,59.3,27227.0,16.2,0.12,2014,226,11,285,296,210,212,270,220,200,109,47
837.0,Chosun University,South Korea,33.8,51.4,30.35,62.6,20951.0,16.2,0.14,2014,837,31,355,478,210,918,974,800,970,194,44
922.0,Wrocław University of Technology,Poland,33.8,51.4,30.35,62.6,20951.0,16.2,0.14,2014,922,8,355,443,210,771,900,800,937,737,44
625.0,Griffith University,Australia,15.7,79.0,16.2,20.3,30251.0,22.0,0.21,2014,625,18,355,478,210,470,543,493,569,373,45
52.0,"University of California, Davis",United States of America,55.5,53.7,56.4,81.2,35364.0,13.9,0.13,2014,7,5,4,22,6,7,4,3,7,28,93
260.0,Thomas Jefferson University,USA,33.8,51.4,30.35,62.6,20951.0,16.2,0.14,2014,260,106,134,478,210,331,302,200,180,373,47
974.0,Fu Jen Catholic University,Taiwan,33.8,51.4,30.35,62.6,20951.0,16.2,0.14,2014,974,21,355,478,210,978,891,800,948,737,44
940.0,Federal University of Pernambuco,Brazil,33.8,51.4,30.35,62.6,20951.0,16.2,0.14,2014,940,15,355,478,210,765,883,800,948,373,44
50.0,Tsinghua University,China,66.8,42.6,65.9,59.9,39763.0,13.7,0.1,2014,87,2,294,63,210,79,192,134,162,16,53
909.0,University of Osnabrück,Germany,33.8,51.4,30.35,62.6,20951.0,16.2,0.14,2014,909,53,355,478,210,841,628,800,849,737,44
276.0,University of Wollongong,Australia,22.8,83.9,25.2,49.1,16489.0,25.4,0.24,2014,506,10,355,274,210,445,460,609,488,338,45
622.0,University of Poitiers,France,33.8,51.4,30.35,62.6,20951.0,16.2,0.14,2014,622,29,236,478,143,615,480,609,675,481,45
665.0,Rochester Institute of Technology,USA,33.8,51.4,30.35,62.6,20951.0,16.2,0.14,2014,665,191,355,366,210,936,613,310,675,373,45
711.0,"University of Natural Resources and Life Sciences, Vienna",Austria,33.8,51.4,30.35,62.6,20951.0,16.2,0.14,2014,711,9,355,478,210,746,629,800,605,552,45
736.0,Hunter College,USA,33.8,51.4,30.35,62.6,20951.0,16.2,0.14,2014,736,207,247,383,210,825,606,800,739,737,45
301.0,University of Salento,Italy,31.0,37.4,20.4,48.2,19959.0,58.4,0.01,2014,785,42,355,478,210,662,685,493,703,637,45
301.0,Umeå University,Sweden,19.8,50.1,29.6,53.1,16667.0,11.9,0.07,2014,289,7,355,478,210,277,199,220,215,737,46
299.0,Leipzig University,Germany,33.8,51.4,30.35,62.6,20951.0,16.2,0.14,2014,299,25,308,478,201,287,268,800,224,307,46
446.0,Loyola University Chicago,USA,33.8,51.4,30.35,62.6,20951.0,16.2,0.14,2014,446,146,355,350,210,538,414,609,349,737,45
848.0,University of Alcalá,Spain,33.8,51.4,30.35,62.6,20951.0,16.2,0.14,2014,848,32,355,478,210,738,698,800,783,637,44
341.0,University of Genoa,Italy,33.8,51.4,30.35,62.6,20951.0,16.2,0.14,2014,341,11,355,478,210,291,429,250,281,373,46
573.0,Shizuoka University,Japan,33.8,51.4,30.35,62.6,20951.0,16.2,0.14,2014,573,35,355,478,210,586,589,406,703,149,45
96.0,Pierre and Marie Curie University,France,50.2,65.5,26.7,82.3,27862.0,8.7,0.18,2014,68,4,36,431,86,31,39,99,66,100,54
251.0,University of Iceland,Iceland,12.5,59.9,24.3,71.1,13960.0,25.9,0.08,2014,516,1,355,478,210,629,311,310,409,737,45
529.0,Konkuk University,South Korea,33.8,51.4,30.35,62.6,20951.0,16.2,0.14,2014,529,20,355,403,210,564,730,800,724,128,45
415.0,Brigham Young University,USA,33.8,51.4,30.35,62.6,20951.0,16.2,0.14,2014,415,139,288,444,210,495,423,283,415,149,45
351.0,University of Tasmania,Australia,18.7,69.9,16.7,49.1,18340.0,23.8,0.21,2014,608,15,355,478,210,461,278,609,531,737,45
698.0,Åbo Akademi University,Finland,33.8,51.4,30.35,62.6,20951.0,16.2,0.14,2014,698,9,355,478,210,724,686,609,596,552,45
826.0,Sofia University,Bulgaria,33.8,51.4,30.35,62.6,20951.0,16.2,0.14,2014,826,1,234,478,210,798,874,406,819,737,44
742.0,Masaryk University,Czech Republic,33.8,51.4,30.35,62.6,20951.0,16.2,0.14,2014,742,2,355,478,210,667,567,800,642,737,45
251.0,TU Dresden,Germany,28.7,49.5,15.0,71.8,35487.0,37.4,0.12,2014,251,18,355,424,210,404,404,368,402,426,45
201.0,"St George’s, University of London",United Kingdom,20.5,57.3,22.9,84.1,2958.0,13.4,0.17,2014,345,32,355,478,210,525,459,310,256,552,46
762.0,Yamagata University,Japan,33.8,51.4,30.35,62.6,20951.0,16.2,0.14,2014,762,57,355,478,210,760,719,609,675,481,45
960.0,Beijing Jiaotong University,China,33.8,51.4,30.35,62.6,20951.0,16.2,0.14,2014,960,69,355,478,210,971,987,800,997,280,44
523.0,École Centrale Paris,France,33.8,51.4,30.35,62.6,20951.0,16.2,0.14,2014,523,21,355,108,210,995,837,800,923,637,45
216.0,Louisiana State University - Baton Rouge,USA,33.8,51.4,30.35,62.6,20951.0,16.2,0.14,2014,216,89,256,179,210,162,179,159,176,481,48
748.0,University of Mississippi Medical Center,USA,33.8,51.4,30.35,62.6,20951.0,16.2,0.14,2014,748,210,355,478,210,791,571,493,642,737,45
351.0,George Mason University,United States of America,24.5,37.3,18.0,54.9,26622.0,17.0,0.07,2014,434,141,355,478,97,449,374,283,415,637,45
475.0,Harbin Institute of Technology,China,29.0,21.0,12.5,21.0,31658.0,10.8,0.07,2014,475,22,355,289,210,283,875,609,496,338,45
159.0,Texas A&M University,United States of America,43.0,46.8,50.2,48.6,50657.0,21.4,0.09,2014,105,56,328,94,53,73,90,87,137,280,51
847.0,University of Massachusetts Boston,USA,33.8,51.4,30.35,62.6,20951.0,16.2,0.14,2014,847,221,355,478,210,864,704,406,783,737,44
301.0,University of Liège,Belgium,25.1,67.1,16.4,47.0,20951.0,25.9,0.23,2014,316,6,135,478,136,313,215,310,295,227,46
861.0,University of Greifswald,Germany,33.8,51.4,30.35,62.6,20951.0,16.2,0.14,2014,861,50,355,478,203,741,493,800,800,637,44
862.0,University of Pécs,Hungary,33.8,51.4,30.35,62.6,20951.0,16.2,0.14,2014,862,6,355,478,210,963,834,800,832,373,44
973.0,South China Agricultural University,China,33.8,51.4,30.35,62.6,20951.0,16.2,0.14,2014,973,71,355,478,210,946,830,800,948,737,44
691.0,University of Toledo,USA,33.8,51.4,30.35,62.6,20951.0,16.2,0.14,2014,691,198,355,478,210,625,553,800,618,373,45
681.0,University of Texas at Arlington,USA,33.8,51.4,30.35,62.6,20951.0,16.2,0.14,2014,681,196,355,478,210,494,514,493,605,637,45
40.0,"University of California, San Diego",United States of America,52.0,35.6,63.0,96.7,27233.0,6.5,0.11,2014,7,5,4,22,6,7,4,3,7,28,93
905.0,Pukyong National University,South Korea,33.8,51.4,30.35,62.6,20951.0,16.2,0.14,2014,905,32,355,478,210,904,952,800,889,373,44
810.0,"University of Eastern Piedmont Amedeo Avogadro""""",Italy,33.8,51.4,30.35,62.6,20951.0,16.2,0.14,2014,810,43,355,478,210,835,675,609,716,637,45
874.0,University of North Dakota,USA,33.8,51.4,30.35,62.6,20951.0,16.2,0.14,2014,874,225,355,478,210,935,647,800,832,426,44
841.0,University of Sassari,Italy,33.8,51.4,30.35,62.6,20951.0,16.2,0.14,2014,841,45,355,478,210,740,605,800,769,737,44
380.0,Kyung Hee University,South Korea,37.1,31.4,17.9,6.6,24356.0,17.4,0.14,2014,380,11,239,445,210,398,626,609,569,84,46
157.0,University of Nottingham,United Kingdom,38.4,70.3,36.3,62.3,30144.0,15.0,0.27,2014,147,12,128,148,85,113,174,150,135,159,49
351.0,Indian Institute of Technology Delhi,India,33.8,15.3,23.0,38.5,8371.0,17.3,0.01,2014,328,1,355,57,210,644,928,800,756,426,46
519.0,University of Málaga,Spain,33.8,51.4,30.35,62.6,20951.0,16.2,0.14,2014,519,14,355,478,210,428,755,609,724,121,45
448.0,Syracuse University,USA,32.4,41.2,24.4,87.1,19660.0,15.9,0.15,2014,448,147,129,249,210,459,479,310,488,338,45
29.0,University of Illinois at Urbana-Champaign,United States of America,66.0,41.1,78.9,79.4,42727.0,18.7,0.2,2014,28,21,34,80,21,36,45,38,68,64,63
811.0,Budapest University of Technology and Economics,Hungary,33.8,51.4,30.35,62.6,20951.0,16.2,0.14,2014,811,5,238,478,210,714,758,800,769,552,45
908.0,University of Mannheim,Germany,33.8,51.4,30.35,62.6,20951.0,16.2,0.14,2014,908,52,355,478,210,949,885,493,849,737,44
951.0,Alexandria University,Egypt,15.2,31.6,7.8,61.4,127431.0,23.3,0.01,2014,951,2,254,478,210,963,950,800,956,737,44
842.0,Nanjing Normal University,China,33.8,51.4,30.35,62.6,20951.0,16.2,0.14,2014,842,48,355,436,210,777,699,609,849,552,44
80.0,Durham University,United Kingdom,38.3,76.8,38.3,88.2,15489.0,15.7,0.24,2014,264,23,122,237,210,250,203,250,230,373,47
877.0,Jiangnan University,China,33.8,51.4,30.35,62.6,20951.0,16.2,0.14,2014,877,52,355,478,210,873,922,800,819,552,44
617.0,Paris-Est Créteil Val-de-Marne University,France,33.8,51.4,30.35,62.6,20951.0,16.2,0.14,2014,617,28,355,435,210,710,581,800,536,737,45
226.0,Georgia Health Sciences University,United States of America,47.2,30.8,12.1,63.5,20951.0,16.2,0.14,2014,226,18,355,424,210,404,404,368,402,426,45
72.0,University of Sydney,Australia,47.4,84.8,55.4,66.6,41868.0,20.2,0.28,2014,95,1,127,158,162,50,117,61,94,100,52
916.0,Novosibirsk State University,Russia,24.6,43.8,17.2,70.5,7131.0,7.1,0.13,2014,916,3,147,478,210,875,910,609,994,737,44
643.0,Medical University of Graz,Austria,33.8,51.4,30.35,62.6,20951.0,16.2,0.14,2014,643,7,355,478,210,622,673,800,543,481,45
329.0,Federal University of Rio de Janeiro,Brazil,33.8,51.4,30.35,62.6,20951.0,16.2,0.14,2014,329,2,261,120,210,304,326,493,402,181,46
718.0,East Carolina University,USA,33.8,51.4,30.35,62.6,20951.0,16.2,0.14,2014,718,203,355,411,210,686,676,800,690,481,45
298.0,University of South Carolina - Columbia,USA,33.8,51.4,30.35,62.6,20951.0,16.2,0.14,2014,298,116,355,440,182,262,353,130,266,737,46
144.0,Osaka University,Japan,52.5,27.6,47.6,50.4,23144.0,7.8,0.09,2014,43,5,69,36,48,43,55,114,56,34,58
132.0,Indiana University,United States of America,45.8,38.3,37.0,71.5,62468.0,13.6,0.13,2014,113,60,211,38,175,166,769,176,195,204,51
301.0,Heriot-Watt University,United Kingdom,24.7,87.8,20.8,39.0,8773.0,17.8,0.43,2014,703,53,355,381,210,602,601,609,690,552,45
351.0,Polytechnic University of Valencia,Spain,20.9,28.2,13.1,59.0,33172.0,13.6,0.07,2014,474,13,355,478,210,361,468,609,430,204,45
156.0,Indiana University-Purdue University Indianapolis,USA,33.8,51.4,30.35,62.6,20951.0,16.2,0.14,2014,156,69,355,424,210,195,351,134,121,57,49
700.0,China Agricultural University,China,33.8,51.4,30.35,62.6,20951.0,16.2,0.14,2014,700,34,355,478,210,432,381,609,663,552,45
758.0,University of Calabria,Italy,33.8,51.4,30.35,62.6,20951.0,16.2,0.14,2014,758,41,355,478,210,566,816,406,690,737,45
677.0,"University of Nevada, Las Vegas",USA,33.8,51.4,30.35,62.6,20951.0,16.2,0.14,2014,677,195,355,412,210,619,457,800,628,737,45
74.0,University of Basel,Switzerland,39.1,91.1,41.0,81.4,12551.0,17.3,0.24,2014,154,5,77,222,66,168,113,134,141,426,49
892.0,"University of Wales, Trinity Saint David",United Kingdom,33.8,51.4,30.35,62.6,20951.0,16.2,0.14,2014,892,64,355,478,210,966,859,406,843,737,44
564.0,University of Zagreb,Croatia,33.8,51.4,30.35,62.6,20951.0,16.2,0.14,2014,564,1,355,478,210,572,528,406,460,426,45
121.0,University of Sussex,United Kingdom,29.5,80.1,32.2,86.3,12001.0,17.4,0.35,2014,190,15,138,218,40,368,261,176,306,481,48
404.0,University of New Hampshire,USA,33.8,51.4,30.35,62.6,20951.0,16.2,0.14,2014,404,138,355,346,131,511,277,200,366,637,46
709.0,Hasselt University,Belgium,33.8,51.4,30.35,62.6,20951.0,16.2,0.14,2014,709,9,355,309,210,816,892,609,703,737,45
755.0,National Polytechnic Institute,Mexico,33.8,51.4,30.35,62.6,20951.0,16.2,0.14,2014,755,2,322,478,210,549,572,406,756,307,45
52.0,Brown University,United States of America,55.4,37.7,52.0,91.3,8653.0,10.1,0.19,2014,81,51,56,46,67,123,66,55,97,170,53
852.0,Fluminense Federal University,Brazil,33.8,51.4,30.35,62.6,20951.0,16.2,0.14,2014,852,9,355,300,210,783,922,609,937,737,44
749.0,University of Tehran,Iran,33.8,51.4,30.35,62.6,20951.0,16.2,0.14,2014,749,1,171,478,210,519,974,800,769,737,45
131.0,Radboud University Nijmegen,Netherlands,29.7,58.6,46.1,73.1,17713.0,13.0,0.1,2014,129,6,118,155,210,91,120,114,81,552,50
301.0,Lehigh University,United States of America,28.9,35.7,16.0,53.7,6300.0,11.3,0.15,2014,258,104,355,44,210,594,512,609,523,481,47
16.0,University of Pennsylvania,United States of America,79.8,40.6,81.2,95.0,20376.0,6.5,0.2,2014,14,11,21,4,26,8,17,13,10,28,79
672.0,East China Normal University,China,33.8,51.4,30.35,62.6,20951.0,16.2,0.14,2014,672,32,355,431,210,477,614,800,663,481,45
183.0,Iowa State University,United States of America,35.6,38.8,32.4,71.5,29991.0,17.4,0.11,2014,182,80,273,190,109,142,173,75,176,338,48
63.0,University of Göttingen,Germany,45.1,51.5,48.8,89.6,25581.0,25.6,0.12,2014,169,10,39,174,172,172,152,310,196,373,49
604.0,University of Montana - Missoula,USA,33.8,51.4,30.35,62.6,20951.0,16.2,0.14,2014,604,177,341,478,210,699,320,493,504,552,45
738.0,University of Ulster,United Kingdom,33.8,51.4,30.35,62.6,20951.0,16.2,0.14,2014,738,58,355,478,210,940,895,493,739,259,45
730.0,Miguel Hernández University of Elche,Spain,33.8,51.4,30.35,62.6,20951.0,16.2,0.14,2014,730,26,355,478,210,769,584,800,690,307,45
767.0,University of South Alabama,USA,33.8,51.4,30.35,62.6,20951.0,16.2,0.14,2014,767,213,355,478,210,966,739,800,724,307,45
226.0,University of Münster,Germany,30.0,45.1,18.2,70.7,39838.0,46.1,0.08,2014,210,13,114,456,171,173,197,114,180,338,48
351.0,University of Bari Aldo Moro,Italy,26.8,34.7,21.1,48.2,51560.0,65.1,0.02,2014,388,18,355,478,210,345,336,493,326,338,46
351.0,University of Minho,Portugal,17.2,46.9,18.6,50.3,19090.0,18.8,0.09,2014,679,6,355,478,210,590,641,363,642,338,45
391.0,University of Turku,Finland,22.35,43.849999999999994,21.65,38.3,12326.0,14.6,0.05,2014,391,3,355,478,210,320,332,609,326,481,46
726.0,Kitasato University,Japan,33.8,51.4,30.35,62.6,20951.0,16.2,0.14,2014,726,49,355,478,210,706,510,800,618,737,45
740.0,University of Salerno,Italy,33.8,51.4,30.35,62.6,20951.0,16.2,0.14,2014,740,40,355,478,210,518,809,609,675,552,45
476.0,University of Rennes 1,France,33.8,51.4,30.35,62.6,20951.0,16.2,0.14,2014,476,19,355,478,210,351,355,609,402,307,45
121.0,University of Zurich,Switzerland,38.0,85.5,29.8,78.1,26583.0,6.5,0.19,2014,85,3,110,404,82,47,43,55,56,94,53
322.0,University of Louisville,USA,33.8,51.4,30.35,62.6,20951.0,16.2,0.14,2014,322,123,355,389,210,335,383,406,295,138,46
351.0,Hanyang University,South Korea,30.4,42.9,27.7,26.9,16729.0,10.4,0.19,2014,174,5,355,69,210,292,481,406,415,28,49
801.0,Wilfrid Laurier University,Canada,33.8,51.4,30.35,62.6,20951.0,16.2,0.14,2014,801,27,355,240,210,987,920,800,948,737,45
2.0,Harvard University,United States of America,95.3,66.2,98.5,99.1,20152.0,8.9,0.25,2014,1,1,1,1,1,1,1,1,1,2,100
36.0,Karolinska Institute,Sweden,58.1,73.2,67.7,76.0,7774.0,11.5,0.22,2014,73,1,126,478,37,55,61,38,36,737,54
887.0,Jean Monnet University,France,33.8,51.4,30.35,62.6,20951.0,16.2,0.14,2014,887,44,355,478,210,661,472,800,849,552,44
61.0,KU Leuven,Belgium,48.6,58.6,59.9,72.9,42503.0,41.9,0.18,2014,61,18,355,424,210,404,404,368,402,426,45
351.0,University of Guelph,Canada,20.6,39.1,22.6,45.1,21643.0,28.3,0.04,2014,366,15,355,478,210,319,289,125,349,373,46
301.0,Keele University,United Kingdom,19.4,71.2,19.4,58.7,8397.0,15.7,0.2,2014,663,50,355,478,210,635,535,406,569,737,45
180.0,Wake Forest University,United States of America,36.1,23.7,21.8,85.1,7326.0,4.6,0.05,2014,145,68,242,59,210,251,236,150,126,128,49
301.0,National Cheng Kung University,Taiwan,31.5,24.9,40.7,27.6,21234.0,14.4,0.11,2014,246,2,355,60,210,157,545,800,395,307,47
467.0,New Mexico State University,USA,33.8,51.4,30.35,62.6,20951.0,16.2,0.14,2014,467,150,355,369,210,677,630,200,386,737,45
164.0,Brandeis University,United States of America,28.8,50.6,24.3,86.5,5495.0,12.6,0.22,2014,236,97,49,311,79,527,169,493,322,128,47
201.0,University of Victoria,Canada,18.1,67.0,28.5,75.5,17581.0,21.5,0.11,2014,377,16,355,478,210,320,337,363,313,737,46
148.0,University of Exeter,United Kingdom,29.2,76.7,32.8,78.3,17755.0,18.8,0.28,2014,357,34,250,371,210,309,188,406,322,481,46
589.0,Tokai University,Japan,33.8,51.4,30.35,62.6,20951.0,16.2,0.14,2014,589,38,355,478,210,697,608,493,488,481,45
278.0,University of Lisbon,Portugal,30.1,46.8,22.8,44.8,47849.0,17.5,0.09,2014,278,1,327,478,147,178,321,220,256,426,47
722.0,Shanghai University,China,33.8,51.4,30.35,62.6,20951.0,16.2,0.14,2014,722,38,355,478,210,508,925,609,642,637,45
509.0,Graduate University for Advanced Studies,Japan,33.8,51.4,30.35,62.6,20951.0,16.2,0.14,2014,509,29,355,478,210,607,269,493,386,737,45
301.0,Kansas State University,United States of America,26.1,34.1,15.5,57.4,21379.0,15.1,0.1,2014,319,120,116,165,210,348,313,220,346,259,46
301.0,Murdoch University,Australia,16.7,86.4,16.0,51.7,16606.0,32.8,0.43,2014,836,22,355,478,210,812,492,800,756,737,44
781.0,University of Miyazaki,Japan,33.8,51.4,30.35,62.6,20951.0,16.2,0.14,2014,781,61,259,478,210,924,690,609,800,280,45
100.0,Royal Institute of Technology,Sweden,33.8,51.4,30.35,62.6,20951.0,16.2,0.14,2014,100,2,185,26,106,223,312,310,326,637,51
955.0,Southern Medical University,China,33.8,51.4,30.35,62.6,20951.0,16.2,0.14,2014,955,68,355,478,210,873,737,800,923,637,44
734.0,Mie University,Japan,33.8,51.4,30.35,62.6,20951.0,16.2,0.14,2014,734,50,355,478,210,805,834,609,675,338,45
95.0,University of Rochester,United States of America,42.8,50.7,29.9,89.7,9390.0,4.5,0.26,2014,77,48,60,50,116,112,104,69,70,76,53
835.0,"Queens College, City University of New York",USA,33.8,51.4,30.35,62.6,20951.0,16.2,0.14,2014,835,219,303,368,210,992,669,800,869,637,44
351.0,University of Florence,Italy,17.7,37.3,13.2,57.7,54290.0,17.2,0.07,2014,266,6,316,304,93,211,256,200,261,637,47
966.0,University of Oldenburg,Germany,33.8,51.4,30.35,62.6,20951.0,16.2,0.14,2014,966,55,355,478,210,849,831,800,937,737,44
674.0,Loma Linda University,USA,33.8,51.4,30.35,62.6,20951.0,16.2,0.14,2014,674,193,355,478,210,820,759,609,554,737,45
972.0,Ryerson University,Canada,33.8,51.4,30.35,62.6,20951.0,16.2,0.14,2014,972,32,355,478,210,813,966,609,956,637,44
201.0,Goethe University Frankfurt,Germany,28.9,56.4,20.4,80.7,31861.0,9.3,0.15,2014,161,9,105,291,62,175,151,200,124,280,49
859.0,RMIT University,Australia,33.8,51.4,30.35,62.6,20951.0,16.2,0.14,2014,859,23,355,478,210,690,959,800,800,637,44
685.0,Beijing University of Chemical Technology,China,33.8,51.4,30.35,62.6,20951.0,16.2,0.14,2014,685,33,355,405,210,619,974,800,749,259,45
561.0,American University of Beirut,Lebanon,33.8,51.4,30.35,62.6,20951.0,16.2,0.14,2014,561,1,103,205,210,892,850,800,849,737,45
465.0,Central South University,China,33.8,51.4,30.35,62.6,20951.0,16.2,0.14,2014,465,21,355,162,210,330,855,609,596,373,45
301.0,University of Houston,United States of America,37.0,31.5,23.8,42.4,40325.0,43.7,0.09,2014,162,70,355,40,210,315,291,493,355,89,49
440.0,Pusan National University,South Korea,33.8,51.4,30.35,62.6,20951.0,16.2,0.14,2014,440,16,355,422,210,395,511,363,496,128,45
917.0,Nanjing Medical University,China,33.8,51.4,30.35,62.6,20951.0,16.2,0.14,2014,917,58,355,478,210,672,715,800,874,737,44
988.0,Shanxi University,China,33.8,51.4,30.35,62.6,20951.0,16.2,0.14,2014,988,79,355,478,210,885,907,800,973,737,44
153.0,Kobe University,Japan,28.3,18.1,15.5,24.3,15885.0,8.4,0.06,2014,153,11,22,362,96,349,259,283,318,307,49
473.0,Baylor University,USA,33.8,51.4,30.35,62.6,20951.0,16.2,0.14,2014,473,153,355,351,210,578,566,220,395,637,45
351.0,University of Wyoming,United States of America,18.9,29.7,28.6,46.1,20951.0,16.2,0.14,2014,485,157,355,224,210,531,327,363,472,426,45
276.0,University of Milan,Italy,25.7,35.6,19.8,65.5,58618.0,24.3,0.05,2014,181,2,162,467,178,109,183,200,114,481,48
88.0,Vanderbilt University,United States of America,46.8,28.6,38.7,86.5,12161.0,3.6,0.1,2014,71,46,108,90,113,58,57,52,40,51,54
803.0,University of Murcia,Spain,33.8,51.4,30.35,62.6,20951.0,16.2,0.14,2014,803,30,355,478,210,547,745,493,756,426,45
301.0,Deakin University,Australia,16.6,73.4,18.7,54.2,32713.0,30.4,0.17,2014,613,17,355,459,210,556,678,609,536,637,45
937.0,University of A Coruña,Spain,33.8,51.4,30.35,62.6,20951.0,16.2,0.14,2014,937,40,355,478,210,947,899,800,917,426,44
314.0,Kyungpook National University,South Korea,33.8,51.4,30.35,62.6,20951.0,16.2,0.14,2014,314,8,355,446,210,358,661,283,420,68,46
714.0,University of the Balearic Islands,Spain,33.8,51.4,30.35,62.6,20951.0,16.2,0.14,2014,714,24,355,478,210,634,529,406,628,552,45
796.0,Michigan Technological University,USA,21.2,32.3,13.8,24.8,20951.0,16.2,0.14,2014,796,216,323,478,210,779,768,406,724,481,45
961.0,University of Valenciennes and Hainaut-Cambresis,France,33.8,51.4,30.35,62.6,20951.0,16.2,0.14,2014,961,48,355,478,210,840,938,493,937,737,44
594.0,Osaka Prefecture University,Japan,33.8,51.4,30.35,62.6,20951.0,16.2,0.14,2014,594,39,355,316,210,646,682,609,675,204,45
365.0,Oklahoma State University–Stillwater,USA,33.8,51.4,30.35,62.6,20951.0,16.2,0.14,2014,365,132,221,111,210,427,623,310,472,307,46
148.0,"University of California, Riverside",United States of America,25.9,62.2,25.8,91.8,20626.0,22.0,0.12,2014,7,5,4,22,6,7,4,3,7,28,93
63.0,The University of Queensland,Australia,43.4,79.7,58.0,73.3,34718.0,32.7,0.27,2014,63,18,355,424,210,404,404,368,402,426,45
301.0,University of Warsaw,Poland,18.7,42.8,14.3,71.1,49292.0,14.1,0.07,2014,419,1,119,478,145,400,488,363,402,637,45
568.0,National Polytechnic Institute of Toulouse,France,33.8,51.4,30.35,62.6,20951.0,16.2,0.14,2014,568,27,355,201,210,499,705,800,663,737,45
83.0,University of Amsterdam,Netherlands,38.3,58.3,54.1,75.0,24570.0,14.4,0.11,2014,122,4,182,438,204,74,86,87,68,338,50
301.0,Bangor University,United Kingdom,20.6,68.8,23.2,50.1,9567.0,19.5,0.22,2014,552,43,246,360,210,624,526,609,504,373,45
200.0,"Trinity College, Dublin",Ireland,33.8,51.4,30.35,62.6,20951.0,16.2,0.14,2014,200,1,319,68,193,301,249,150,201,227,48
513.0,Dongguk University,South Korea,33.8,51.4,30.35,62.6,20951.0,16.2,0.14,2014,513,19,355,395,210,954,915,800,979,89,45
50.0,Boston University,United States of America,56.5,44.2,46.1,95.3,24789.0,8.6,0.17,2014,67,44,291,47,84,60,46,43,37,227,54
315.0,"University of Science, Malaysia",Malaysia,33.8,51.4,30.35,62.6,20951.0,16.2,0.14,2014,315,1,355,478,210,700,877,609,819,42,46
7.0,University of Cambridge,United Kingdom,90.6,86.7,95.3,95.7,18812.0,11.8,0.34,2014,4,1,2,10,5,10,9,12,13,48,98
65.0,École Normale Supérieure,France,54.6,67.1,37.1,87.0,2400.0,7.9,0.2,2014,65,18,355,424,210,404,404,368,402,426,45
5.0,Massachusetts Institute of Technology,United States of America,92.9,82.0,89.0,100.0,11074.0,9.0,0.33,2014,3,3,3,11,2,15,2,2,2,1,99
747.0,"University of North Texas, Denton",USA,33.8,51.4,30.35,62.6,20951.0,16.2,0.14,2014,747,209,355,478,210,683,658,609,675,426,45
40.0,New York University,United States of America,65.4,41.8,58.4,87.9,42056.0,6.8,0.19,2014,17,13,33,21,17,49,29,32,31,48,72
239.0,University of Texas Health Science Center at San Antonio,USA,33.8,51.4,30.35,62.6,20951.0,16.2,0.14,2014,239,98,355,478,210,314,224,130,145,373,47
754.0,University of Neuchâtel,Switzerland,33.8,51.4,30.35,62.6,20951.0,16.2,0.14,2014,754,9,340,478,210,831,631,800,642,637,45
927.0,University of Basilicata,Italy,33.8,51.4,30.35,62.6,20951.0,16.2,0.14,2014,927,47,355,478,210,938,886,609,874,737,44
571.0,Lanzhou University,China,33.8,51.4,30.35,62.6,20951.0,16.2,0.14,2014,571,27,355,478,210,389,667,493,496,481,45
717.0,San Francisco State University,USA,33.8,51.4,30.35,62.6,20951.0,16.2,0.14,2014,717,202,258,478,210,876,496,800,628,737,45
141.0,University of Warwick,United Kingdom,39.8,82.9,42.4,58.7,18529.0,16.6,0.37,2014,324,29,198,394,210,224,253,200,326,259,46
959.0,Amirkabir University of Technology,Iran,33.8,51.4,30.35,62.6,20951.0,16.2,0.14,2014,959,6,355,478,210,769,952,609,937,737,44
185.0,University of Miami,United States of America,43.2,32.9,25.8,71.5,15286.0,5.7,0.14,2014,138,66,355,152,210,159,128,87,114,78,50
301.0,University of Tampere,Finland,23.1,33.9,22.2,52.3,10045.0,9.5,0.04,2014,430,6,355,235,210,554,461,493,370,637,45
201.0,City University of Hong Kong,Hong Kong,30.9,65.9,33.5,60.2,10015.0,7.1,0.28,2014,375,4,355,478,210,255,893,493,343,259,46
875.0,University of Extremadura,Spain,33.8,51.4,30.35,62.6,20951.0,16.2,0.14,2014,875,33,355,478,210,729,871,800,819,637,44
382.0,Saarland University,Germany,33.8,51.4,30.35,62.6,20951.0,16.2,0.14,2014,382,34,355,370,210,390,402,493,326,307,46
175.0,University of Auckland,New Zealand,28.6,87.3,33.4,68.4,29787.0,18.9,0.28,2015,266,1,235,419,218,253,260,234,256,125,46
121.0,Technical University of Denmark,Denmark,39.9,79.7,28.2,79.6,9990.0,5.0,0.18,2015,174,3,351,510,202,220,230,161,216,46,48
544.0,National Chung Hsing University,Taiwan,33.8,51.4,30.35,62.6,20951.0,16.2,0.14,2015,544,6,367,211,218,412,682,511,606,871,45
728.0,Kyoto Prefectural University of Medicine,Japan,33.8,51.4,30.35,62.6,20951.0,16.2,0.14,2015,728,47,367,567,218,852,752,645,637,871,44
718.0,Missouri University of Science and Technology,USA,33.8,51.4,30.35,62.6,20951.0,16.2,0.14,2015,718,199,367,246,218,718,923,645,826,592,44
251.0,University of Pavia,Italy,26.3,43.5,19.2,75.6,22958.0,40.6,0.06,2015,327,10,295,380,214,330,381,264,273,680,46
251.0,University of Otago,New Zealand,27.1,81.5,27.7,57.6,18600.0,20.3,0.21,2015,357,2,367,377,218,312,353,287,313,542,45
157.0,University of Western Australia,Australia,36.3,87.3,38.1,62.2,20851.0,20.7,0.27,2015,216,7,156,306,145,146,181,368,179,399,47
870.0,University of New Brunswick,Canada,33.8,51.4,30.35,62.6,20951.0,16.2,0.14,2015,870,29,367,354,218,777,802,812,886,591,44
37.0,École normale supérieure - Paris,France,33.8,51.4,30.35,62.6,20951.0,16.2,0.14,2015,37,2,8,502,54,379,157,645,295,871,59
372.0,Saarland University,Germany,33.8,51.4,30.35,62.6,20951.0,16.2,0.14,2015,372,33,367,375,218,392,434,428,318,367,45
90.0,University of Texas MD Anderson Cancer Center,USA,33.8,51.4,30.35,62.6,20951.0,16.2,0.14,2015,90,53,367,567,80,93,72,42,29,71,52
460.0,Ohio University,USA,33.8,51.4,30.35,62.6,20951.0,16.2,0.14,2015,460,149,205,174,218,590,472,812,565,224,45
98.0,Uppsala University,Sweden,40.2,57.5,53.0,70.9,25266.0,18.2,0.12,2015,124,3,73,321,70,95,75,93,103,871,50
307.0,Kyungpook National University,South Korea,33.8,51.4,30.35,62.6,20951.0,16.2,0.14,2015,307,8,367,412,218,355,625,321,413,66,46
895.0,Nanjing University of Aeronautics and Astronautics,China,33.8,51.4,30.35,62.6,20951.0,16.2,0.14,2015,895,61,367,486,218,709,974,812,867,853,44
126.0,University of Florida,United States of America,49.8,32.2,52.1,62.2,50095.0,18.7,0.09,2015,60,38,214,276,96,37,73,46,59,5,54
201.0,University of Reading,United Kingdom,32.8,75.0,34.0,58.1,12050.0,14.8,0.28,2015,263,24,258,63,218,400,347,182,361,666,46
952.0,Hallym University,South Korea,33.8,51.4,30.35,62.6,20951.0,16.2,0.14,2015,952,35,367,567,218,884,908,812,921,565,44
432.0,University of Modena and Reggio Emilia,Italy,15.9,28.4,16.15,54.65,19693.0,25.3,0.06,2015,432,22,367,567,218,435,474,368,349,709,45
930.0,University of Cádiz,Spain,33.8,51.4,30.35,62.6,20951.0,16.2,0.14,2015,930,36,367,567,218,850,816,812,969,311,44
869.0,Makerere University,Uganda,33.8,51.4,30.35,62.6,20951.0,16.2,0.14,2015,869,1,367,567,218,882,656,645,809,871,44
458.0,Eötvös Loránd University,Hungary,33.8,51.4,30.35,62.6,20951.0,16.2,0.14,2015,458,1,89,567,116,559,444,287,495,724,45
28.0,University of Texas at Austin,United States of America,64.3,33.1,72.0,91.5,49427.0,17.4,0.09,2015,30,22,75,36,25,48,50,26,71,38,61
592.0,University of Toledo,USA,33.8,51.4,30.35,62.6,20951.0,16.2,0.14,2015,592,177,367,567,218,618,555,812,606,220,45
166.0,Oregon Health & Science University,USA,33.8,51.4,30.35,62.6,20951.0,16.2,0.14,2015,166,75,367,567,128,184,115,125,105,144,48
811.0,University of New England (Australia),Australia,33.8,51.4,30.35,62.6,20951.0,16.2,0.14,2015,811,22,367,251,218,938,634,511,932,797,44
479.0,Sichuan University,China,33.8,51.4,30.35,62.6,20951.0,16.2,0.14,2015,479,26,367,563,218,269,478,645,447,597,45
251.0,Queen’s University Belfast,United Kingdom,30.1,88.6,25.1,52.2,17940.0,17.9,0.3,2015,343,33,183,387,218,306,276,264,313,377,46
974.0,Federal University of Santa Maria,Brazil,33.8,51.4,30.35,62.6,20951.0,16.2,0.14,2015,974,16,367,396,218,954,974,812,975,871,44
633.0,Paris-Est Créteil Val-de-Marne University,France,33.8,51.4,30.35,62.6,20951.0,16.2,0.14,2015,633,27,367,406,218,732,611,812,558,824,44
351.0,Wuhan University of Technology,China,16.2,21.4,8.0,75.8,50260.0,14.9,0.02,2015,677,38,367,499,218,738,931,428,590,763,44
884.0,University of Massachusetts Lowell,USA,33.8,51.4,30.35,62.6,20951.0,16.2,0.14,2015,884,222,367,528,218,936,943,321,946,304,44
79.0,Ludwig Maximilian University of Munich,Germany,33.8,51.4,30.35,62.6,20951.0,16.2,0.14,2015,79,2,42,129,92,66,55,53,51,167,52
25.0,National University of Singapore,Singapore,72.0,94.9,78.1,66.0,31592.0,15.5,0.34,2015,65,1,367,98,218,34,125,78,90,25,53
301.0,University of Southern Denmark,Denmark,19.5,67.1,20.5,61.2,22210.0,12.7,0.16,2015,356,4,367,567,218,386,327,321,295,320,45
370.0,Polytechnic University of Catalonia,Spain,23.0,42.0,12.5,23.3,22893.0,11.7,0.28,2015,370,8,367,330,218,371,576,368,540,85,45
226.0,University of Technology Sydney,Australia,27.8,86.9,32.5,58.7,24519.0,44.1,0.31,2015,226,18,355,424,210,404,404,368,402,426,45
439.0,South China University of Technology,China,33.8,51.4,30.35,62.6,20951.0,16.2,0.14,2015,439,23,367,266,218,347,620,511,471,196,45
251.0,University of Bremen,Germany,33.9,53.0,27.6,55.7,18590.0,25.6,0.11,2015,535,43,367,567,218,466,289,321,471,515,45
143.0,Icahn School of Medicine at Mount Sinai,USA,33.8,51.4,30.35,62.6,20951.0,16.2,0.14,2015,143,69,367,567,218,160,71,161,63,101,49
103.0,University of Queensland,Australia,33.8,51.4,30.35,62.6,20951.0,16.2,0.14,2015,103,3,269,292,142,65,78,101,99,68,50
164.0,University of Adelaide,Australia,33.8,79.3,40.4,61.1,20771.0,30.1,0.26,2015,335,8,219,445,218,234,243,287,318,465,46
360.0,College of William and Mary,USA,33.8,51.4,30.35,62.6,20951.0,16.2,0.14,2015,360,127,367,85,218,611,459,321,511,809,45
715.0,Johannes Kepler University of Linz,Austria,20.0,57.7,13.8,59.3,19646.0,29.1,0.1,2015,715,9,367,378,218,742,659,645,671,560,44
489.0,University of Nebraska Omaha,USA,33.8,51.4,30.35,62.6,20951.0,16.2,0.14,2015,489,157,367,365,218,704,606,428,396,871,45
586.0,East China Normal University,China,33.8,51.4,30.35,62.6,20951.0,16.2,0.14,2015,586,32,367,272,218,436,645,812,622,576,45
656.0,Old Dominion University,USA,19.200000000000003,28.75,13.4,52.8,20951.0,16.2,0.14,2015,656,191,367,567,218,719,590,511,590,379,44
898.0,Pukyong National University,South Korea,33.8,51.4,30.35,62.6,20951.0,16.2,0.14,2015,898,33,367,567,218,906,962,812,896,356,44
763.0,University of Hyogo,Japan,33.8,51.4,30.35,62.6,20951.0,16.2,0.14,2015,763,53,367,567,218,813,475,511,686,787,44
170.0,University of Antwerp,Belgium,34.6,61.0,33.6,67.7,12346.0,30.3,0.16,2015,312,6,367,567,218,265,307,234,265,372,46
276.0,Colorado State University,United States of America,27.6,30.4,31.3,59.9,26769.0,19.0,0.05,2015,276,18,355,424,210,404,404,368,402,426,45
276.0,Panjab University,India,23.7,29.2,10.5,84.4,16691.0,23.9,0.01,2015,491,4,333,167,218,720,786,368,540,824,45
976.0,Tianjin Medical University,China,33.8,51.4,30.35,62.6,20951.0,16.2,0.14,2015,976,76,367,567,218,885,857,812,946,839,44
387.0,Catholic University of the Sacred Heart,Italy,33.8,51.4,30.35,62.6,20951.0,16.2,0.14,2015,387,18,367,555,218,424,482,321,324,770,45
318.0,University of Regensburg,Germany,33.8,51.4,30.35,62.6,20951.0,16.2,0.14,2015,318,28,367,303,218,302,241,287,270,522,46
251.0,Swedish University of Agricultural Sciences,Sweden,27.9,49.6,25.2,59.9,3879.0,4.6,0.14,2015,416,10,146,567,218,393,268,428,353,871,45
297.0,Medical College of Wisconsin,USA,33.8,51.4,30.35,62.6,20951.0,16.2,0.14,2015,297,113,367,567,218,337,284,321,219,659,46
226.0,University College Dublin,Republic of Ireland,31.7,79.4,28.1,61.7,22193.0,24.5,0.23,2015,238,2,241,112,218,288,285,128,247,278,47
61.0,École Polytechnique,France,50.5,94.5,47.1,79.9,2429.0,4.8,0.3,2015,36,1,98,7,216,327,314,234,295,172,59
19.0,Cornell University,United States of America,71.6,59.0,83.8,91.5,21424.0,10.2,0.19,2015,10,8,12,18,14,24,15,25,22,11,87
301.0,University of Crete,Greece,19.0,47.0,16.8,67.0,14650.0,26.9,0.05,2015,515,3,367,567,218,491,518,511,420,871,45
165.0,Tohoku University,Japan,49.7,29.7,47.3,49.6,17200.0,5.0,0.07,2015,73,6,41,170,218,68,127,115,119,22,53
180.0,University of Delaware,United States of America,29.0,40.6,36.3,73.1,19262.0,15.9,0.1,2015,281,109,318,337,135,272,304,234,292,120,46
371.0,Versailles Saint-Quentin-en-Yvelines University,France,33.8,51.4,30.35,62.6,20951.0,16.2,0.14,2015,371,15,367,567,218,443,232,264,308,839,45
919.0,University of Camerino,Italy,33.8,51.4,30.35,62.6,20951.0,16.2,0.14,2015,919,46,367,567,218,903,826,812,867,724,44
623.0,Istanbul University,Turkey,33.8,51.4,30.35,62.6,20951.0,16.2,0.14,2015,623,2,253,386,218,684,560,645,558,871,44
157.0,University of Liverpool,United Kingdom,31.3,79.5,33.2,76.2,18815.0,13.6,0.3,2015,199,15,176,179,207,154,172,128,174,377,47
153.0,Aarhus University,Denmark,30.9,66.3,47.5,66.5,23895.0,13.6,0.14,2015,122,2,310,165,106,91,81,101,95,154,50
66.0,Pohang University of Science and Technology,South Korea,52.7,36.0,49.3,84.4,3055.0,10.1,0.04,2015,165,5,367,567,218,285,355,212,281,24,48
351.0,George Mason University,United States of America,26.3,35.8,20.3,53.9,26622.0,17.0,0.07,2015,414,140,367,567,98,450,371,264,388,526,45
251.0,Queen’s University,Canada,37.3,55.4,33.4,48.2,20488.0,22.1,0.1,2015,284,13,322,155,218,254,274,264,281,275,46
931.0,Shahid Beheshti University of Medical Sciences,Iran,33.8,51.4,30.35,62.6,20951.0,16.2,0.14,2015,931,6,367,567,218,833,920,812,886,871,44
83.0,Monash University,Australia,43.7,79.6,54.4,65.7,50882.0,40.5,0.36,2015,145,5,277,145,218,86,136,182,161,99,49
301.0,University of Stuttgart,Germany,30.6,59.3,17.3,56.9,24099.0,45.4,0.2,2015,316,27,82,172,218,399,369,511,335,376,46
783.0,University of Electronic Science and Technology of China,China,33.8,51.4,30.35,62.6,20951.0,16.2,0.14,2015,783,45,367,308,218,529,912,812,837,552,44
210.0,Dresden University of Technology,Germany,33.8,51.4,30.35,62.6,20951.0,16.2,0.14,2015,210,15,367,567,218,188,212,146,195,102,47
82.0,Katholieke Universiteit Leuven,Belgium,33.8,51.4,30.35,62.6,20951.0,16.2,0.14,2015,82,1,367,202,218,35,92,53,46,74,52
178.0,University of Aberdeen,United Kingdom,28.0,84.1,30.2,74.3,12938.0,15.8,0.33,2015,285,26,360,314,199,273,207,287,225,422,46
858.0,Huazhong Agricultural University,China,33.8,51.4,30.35,62.6,20951.0,16.2,0.14,2015,858,52,367,567,218,651,535,645,837,494,44
152.0,Dartmouth College,United States of America,38.3,33.1,35.4,80.4,6178.0,6.6,0.16,2015,44,28,40,19,218,246,167,136,154,63,56
55.0,KU Leuven,Belgium,53.0,62.3,63.6,71.8,42503.0,41.9,0.18,2015,55,18,355,424,210,404,404,368,402,426,45
251.0,Nanjing University,China,34.6,50.2,23.3,59.6,29743.0,13.3,0.1,2015,244,7,342,362,218,134,358,234,265,164,47
226.0,Brunel University London,United Kingdom,22.1,88.8,21.4,75.3,12613.0,17.6,0.38,2015,472,37,367,236,218,497,676,511,437,667,45
201.0,Bilkent University,Turkey,28.0,44.6,27.7,76.0,20951.0,16.2,0.14,2015,842,8,367,475,218,781,789,812,796,871,44
863.0,Hamamatsu University School of Medicine,Japan,33.8,51.4,30.35,62.6,20951.0,16.2,0.14,2015,863,66,367,567,218,990,917,645,826,470,44
38.0,New York University,United States of America,68.3,41.2,62.4,89.5,42056.0,6.8,0.19,2015,18,14,32,22,18,47,29,46,32,43,68
889.0,Southwest University,China,33.8,51.4,30.35,62.6,20951.0,16.2,0.14,2015,889,60,268,567,218,695,897,645,867,669,44
368.0,University of Guelph,Canada,24.2,39.0,31.3,45.1,21643.0,28.3,0.04,2015,368,18,367,483,218,325,277,146,344,445,45
226.0,University of Gothenburg,Sweden,24.1,46.8,38.2,64.4,26420.0,16.4,0.12,2015,237,6,257,294,116,217,197,136,197,871,47
301.0,Tulane University,United States of America,40.7,29.7,20.7,53.9,11381.0,8.4,0.08,2015,272,105,324,144,218,365,299,264,251,258,46
514.0,Lanzhou University,China,33.8,51.4,30.35,62.6,20951.0,16.2,0.14,2015,514,28,367,567,218,350,689,645,457,624,45
37.0,"University of California, Santa Barbara",United States of America,49.4,64.3,61.4,99.2,22020.0,27.3,0.11,2015,936,229,367,567,218,899,540,812,906,491,44
709.0,University of Cantabria,Spain,33.8,51.4,30.35,62.6,20951.0,16.2,0.14,2015,709,25,367,523,218,603,587,428,646,571,44
301.0,Sun Yat-sen University,China,32.5,37.0,25.2,54.1,51351.0,16.6,0.08,2015,277,8,367,254,218,161,393,287,285,221,46
226.0,"Birkbeck, University of London",United Kingdom,28.3,84.4,29.3,60.4,9454.0,17.2,0.38,2015,698,54,300,567,218,724,339,428,622,871,44
441.0,West Virginia University,USA,33.8,51.4,30.35,62.6,20951.0,16.2,0.14,2015,441,145,328,178,218,441,409,428,437,617,45
276.0,Queensland University of Technology,Australia,29.9,69.8,36.0,42.9,33391.0,35.8,0.17,2015,621,18,367,567,218,477,750,511,558,492,44
912.0,Tarbiat Modares University,Iran,33.8,51.4,30.35,62.6,20951.0,16.2,0.14,2015,912,4,367,567,218,769,991,812,867,871,44
958.0,Amirkabir University of Technology,Iran,33.8,51.4,30.35,62.6,20951.0,16.2,0.14,2015,958,8,367,567,218,725,962,645,932,871,44
351.0,Indian Institute of Technology Roorkee,India,25.2,16.6,14.3,62.6,8061.0,18.7,0.01,2015,638,9,367,395,218,839,931,428,565,871,44
771.0,Kurume University,Japan,33.8,51.4,30.35,62.6,20951.0,16.2,0.14,2015,771,54,367,567,218,986,770,812,699,473,44
8.0,"University of California, Berkeley",United States of America,84.2,58.5,96.7,99.1,36186.0,16.4,0.15,2015,7,5,5,21,6,10,4,4,7,29,92
351.0,University of Rome III,Italy,19.3,48.0,11.8,62.1,36353.0,61.2,0.05,2015,351,18,355,424,210,404,404,368,402,426,45
819.0,Budapest University of Technology and Economics,Hungary,33.8,51.4,30.35,62.6,20951.0,16.2,0.14,2015,819,5,256,567,218,740,761,645,781,529,44
71.0,Delft University of Technology,Netherlands,55.5,77.9,71.4,42.6,15920.0,19.4,0.25,2015,255,9,307,300,218,224,224,264,247,146,46
820.0,University of Maribor,Slovenia,33.8,51.4,30.35,62.6,20951.0,16.2,0.14,2015,820,2,367,567,218,853,820,511,754,752,44
554.0,University of Missouri–Kansas City,USA,33.8,51.4,30.35,62.6,20951.0,16.2,0.14,2015,554,169,311,480,218,634,447,645,471,687,45
135.0,TU Dresden,Germany,39.8,44.7,42.0,70.8,35487.0,37.4,0.12,2015,135,18,355,424,210,404,404,368,402,426,45
444.0,Miami University,USA,33.8,51.4,30.35,62.6,20951.0,16.2,0.14,2015,444,146,367,102,218,715,543,511,659,871,45
367.0,University of Buenos Aires,Argentina,33.8,51.4,30.35,62.6,20951.0,16.2,0.14,2015,367,1,126,500,180,276,350,321,344,871,45
768.0,University of Tehran,Iran,33.8,51.4,30.35,62.6,20951.0,16.2,0.14,2015,768,2,181,567,218,489,984,812,770,871,44
932.0,National Taiwan Normal University,Taiwan,33.8,51.4,30.35,62.6,20951.0,16.2,0.14,2015,932,16,367,478,218,731,939,645,906,871,44
770.0,Yeungnam University,South Korea,33.8,51.4,30.35,62.6,20951.0,16.2,0.14,2015,770,25,367,417,218,761,974,812,867,231,44
226.0,Autonomous University of Barcelona,Spain,30.4,46.4,29.2,67.0,30538.0,12.3,0.1,2015,241,3,367,567,218,144,220,264,213,277,47
843.0,Dublin City University,Ireland,33.8,51.4,30.35,62.6,20951.0,16.2,0.14,2015,843,6,367,567,218,803,933,511,850,347,44
188.0,Stony Brook University,United States of America,32.8,60.5,24.4,80.4,21908.0,10.9,0.24,2015,138,65,186,567,58,173,84,93,134,96,49
789.0,Norwegian University of Life Sciences,Norway,33.8,51.4,30.35,62.6,20951.0,16.2,0.14,2015,789,5,367,567,218,769,570,511,715,782,44
403.0,Brigham Young University,USA,33.8,51.4,30.35,62.6,20951.0,16.2,0.14,2015,403,137,298,361,218,498,424,287,424,134,45
624.0,Tokyo University of Agriculture and Technology,Japan,26.5,18.0,15.8,21.7,5865.0,14.4,0.05,2015,624,38,367,567,218,641,756,511,606,264,44
419.0,Kumamoto University,Japan,33.8,51.4,30.35,62.6,20951.0,16.2,0.14,2015,419,17,308,353,218,495,441,428,409,152,45
779.0,Ege University,Turkey,33.8,51.4,30.35,62.6,20951.0,16.2,0.14,2015,779,6,367,567,218,761,839,511,699,871,44
681.0,University of Alicante,Spain,33.8,51.4,30.35,62.6,20951.0,16.2,0.14,2015,681,22,367,567,218,666,779,812,686,262,44
276.0,University of Macau,Macau,17.1,73.3,20.3,68.1,8521.0,14.9,0.31,2015,276,18,355,424,210,404,404,368,402,426,45
683.0,University of Ulster,United Kingdom,33.8,51.4,30.35,62.6,20951.0,16.2,0.14,2015,683,50,367,567,218,747,808,321,732,240,44
126.0,KTH Royal Institute of Technology,Sweden,45.7,84.0,44.8,55.1,12062.0,14.6,0.21,2015,126,18,355,424,210,404,404,368,402,426,45
94.0,McMaster University,Canada,38.1,69.4,43.2,78.8,23823.0,19.3,0.15,2015,150,6,222,268,163,127,156,101,87,222,49
618.0,Lille 2 University of Health and Law,France,33.8,51.4,30.35,62.6,20951.0,16.2,0.14,2015,618,26,367,567,218,821,631,645,520,630,44
799.0,University of Murcia,Spain,33.8,51.4,30.35,62.6,20951.0,16.2,0.14,2015,799,29,367,567,218,541,703,428,781,479,44
532.0,Mahidol University,Thailand,29.9,45.0,14.7,20.9,27402.0,7.5,0.03,2015,532,2,367,567,218,476,372,368,447,861,45
574.0,Medical University of Graz,Austria,33.8,51.4,30.35,62.6,20951.0,16.2,0.14,2015,574,6,367,567,218,573,628,812,486,576,45
562.0,University Lille 1: Sciences and Technologies,France,33.8,51.4,30.35,62.6,20951.0,16.2,0.14,2015,562,24,367,567,218,414,400,368,511,546,45
201.0,William & Mary,United States of America,36.8,26.5,19.9,78.7,7867.0,11.8,0.07,2015,201,18,355,424,210,404,404,368,402,426,45
680.0,University of L'Aquila,Italy,33.8,51.4,30.35,62.6,20951.0,16.2,0.14,2015,680,37,367,567,218,655,678,645,590,871,44
301.0,San Diego State University,United States of America,19.7,26.9,24.8,65.6,27420.0,31.7,0.05,2015,361,128,248,204,218,467,302,264,339,509,45
839.0,University of Miyazaki,Japan,33.8,51.4,30.35,62.6,20951.0,16.2,0.14,2015,839,62,290,567,218,952,692,645,826,393,44
301.0,Deakin University,Australia,20.1,71.8,20.6,57.5,32713.0,30.4,0.17,2015,579,14,367,424,218,502,647,321,529,636,45
929.0,University of Texas at El Paso,USA,33.8,51.4,30.35,62.6,20951.0,16.2,0.14,2015,929,228,367,442,218,910,838,812,906,706,44
943.0,Yangzhou University,China,33.8,51.4,30.35,62.6,20951.0,16.2,0.14,2015,943,65,367,567,218,891,873,812,896,871,44
874.0,"Royal Veterinary College, University of London",United Kingdom,33.8,51.4,30.35,62.6,20951.0,16.2,0.14,2015,874,63,246,567,218,896,550,511,837,746,44
571.0,Kent State University,USA,15.9,26.9,13.9,58.3,23122.0,19.0,0.08,2015,571,173,367,567,218,610,436,511,486,498,45
619.0,Kagoshima University,Japan,33.8,51.4,30.35,62.6,20951.0,16.2,0.14,2015,619,36,367,281,218,733,706,511,715,251,44
301.0,Macquarie University,Australia,24.0,89.2,24.8,50.2,27930.0,20.0,0.44,2015,449,9,367,304,218,391,292,321,402,530,45
351.0,University of Vermont,United States of America,26.8,21.0,19.4,57.5,20951.0,16.2,0.14,2015,324,119,198,256,218,357,288,368,285,397,46
531.0,University of Catania,Italy,33.8,51.4,30.35,62.6,20951.0,16.2,0.14,2015,531,28,213,567,218,438,693,428,457,853,45
812.0,Kangwon National University,South Korea,33.8,51.4,30.35,62.6,20951.0,16.2,0.14,2015,812,27,367,567,218,706,819,645,781,428,44
950.0,United Arab Emirates University,United Arab Emirates,33.8,51.4,30.35,62.6,20951.0,16.2,0.14,2015,950,1,367,521,218,994,851,812,906,689,44
938.0,University of Central Lancashire,United Kingdom,33.8,51.4,30.35,62.6,20951.0,16.2,0.14,2015,938,65,367,494,218,946,603,511,906,749,44
412.0,Oklahoma State University–Stillwater,USA,33.8,51.4,30.35,62.6,20951.0,16.2,0.14,2015,412,139,239,153,218,447,648,428,471,303,45
98.0,Technical University of Munich,Germany,45.6,64.0,37.4,78.8,35565.0,31.5,0.2,2015,101,3,37,118,177,104,90,128,95,119,51
39.0,McGill University,Canada,63.3,79.0,69.9,76.0,31326.0,13.7,0.23,2015,42,2,34,37,75,33,53,44,34,132,56
400.0,Huazhong University of Science and Technology,China,33.8,51.4,30.35,62.6,20951.0,16.2,0.14,2015,400,16,367,282,218,219,626,645,480,242,45
374.0,Darmstadt University of Technology,Germany,33.8,51.4,30.35,62.6,20951.0,16.2,0.14,2015,374,34,66,344,218,376,457,368,413,330,45
785.0,University of Greifswald,Germany,33.8,51.4,30.35,62.6,20951.0,16.2,0.14,2015,785,49,367,567,211,714,487,812,732,476,44
454.0,"University of Nevada, Reno",USA,33.8,51.4,30.35,62.6,20951.0,16.2,0.14,2015,454,148,367,364,218,542,382,264,381,708,45
948.0,Northwestern Polytechnical University,China,33.8,51.4,30.35,62.6,20951.0,16.2,0.14,2015,948,67,367,351,218,566,962,812,989,871,44
777.0,Jawaharlal Nehru Centre for Advanced Scientific Research,India,33.8,51.4,30.35,62.6,20951.0,16.2,0.14,2015,777,12,367,567,218,868,650,645,715,453,44
646.0,Warsaw University of Technology,Poland,33.8,51.4,30.35,62.6,20951.0,16.2,0.14,2015,646,3,344,545,218,696,757,287,579,824,44
722.0,Jichi Medical University,Japan,33.8,51.4,30.35,62.6,20951.0,16.2,0.14,2015,722,45,367,567,218,930,633,511,637,641,44
156.0,RWTH Aachen University,Germany,39.0,56.8,29.9,75.0,37917.0,27.6,0.16,2015,230,18,357,238,131,197,359,182,219,158,47
913.0,University of North Dakota,USA,33.8,51.4,30.35,62.6,20951.0,16.2,0.14,2015,913,227,367,567,218,917,731,812,867,606,44
897.0,University of North Carolina at Greensboro,USA,33.8,51.4,30.35,62.6,20951.0,16.2,0.14,2015,897,224,367,567,218,899,825,645,850,575,44
164.0,Indiana University-Purdue University Indianapolis,USA,33.8,51.4,30.35,62.6,20951.0,16.2,0.14,2015,164,74,367,492,218,187,190,125,122,79,48
605.0,Florida International University,USA,33.8,51.4,30.35,62.6,20951.0,16.2,0.14,2015,605,179,367,567,218,496,508,428,540,585,44
48.0,Peking University,China,70.0,53.7,61.9,63.7,40148.0,8.3,0.14,2015,56,1,182,38,218,52,131,182,125,20,54
542.0,National Yang-Ming University,Taiwan,33.8,51.4,30.35,62.6,20951.0,16.2,0.14,2015,542,5,367,567,218,345,517,511,495,824,45
201.0,Ulm University,Germany,35.0,54.1,22.0,73.0,9187.0,11.2,0.1,2015,201,18,355,424,210,404,404,368,402,426,45
716.0,Czech Technical University in Prague,Czech Republic,33.8,51.4,30.35,62.6,20951.0,16.2,0.14,2015,716,3,347,567,218,673,816,428,646,582,44
560.0,Dongguk University,South Korea,33.8,51.4,30.35,62.6,20951.0,16.2,0.14,2015,560,19,367,305,218,927,917,812,997,108,45
761.0,New Jersey Institute of Technology,USA,17.1,41.3,14.5,26.4,10646.0,26.2,0.17,2015,761,206,259,472,218,791,670,812,741,391,44
637.0,University of Salamanca,Spain,33.8,51.4,30.35,62.6,20951.0,16.2,0.14,2015,637,18,367,491,218,544,483,511,565,736,44
852.0,Gazi University,Turkey,33.8,51.4,30.35,62.6,20951.0,16.2,0.14,2015,852,9,367,468,218,750,942,645,809,871,44
113.0,University of York,United Kingdom,32.2,75.0,33.8,90.5,20951.0,16.2,0.14,2015,325,29,367,567,218,270,205,161,300,406,46
570.0,University of Cagliari,Italy,33.8,51.4,30.35,62.6,20951.0,16.2,0.14,2015,570,30,367,567,218,518,567,511,486,623,45
351.0,University of Minho,Portugal,20.2,49.7,16.2,60.6,19090.0,18.8,0.09,2015,629,6,367,567,218,588,652,287,606,363,44
171.0,University of Nottingham,United Kingdom,39.9,70.6,35.8,62.7,30144.0,15.0,0.27,2015,140,10,131,109,84,116,176,146,140,138,49
614.0,Indian Institute of Technology Kharagpur,India,41.75,15.4,37.65,37.15,9928.0,17.5,0.0,2015,614,8,367,242,218,500,974,812,686,644,44
418.0,Chiba University,Japan,33.8,51.4,30.35,62.6,20951.0,16.2,0.14,2015,418,16,367,567,218,361,343,368,362,267,45
731.0,University of Szeged,Hungary,33.8,51.4,30.35,62.6,20951.0,16.2,0.14,2015,731,4,367,567,205,657,720,812,659,532,44
173.0,University of Victoria,Canada,21.6,70.1,30.6,86.7,17581.0,21.5,0.11,2015,352,16,367,567,218,321,328,234,300,853,45
791.0,Vilnius University,Lithuania,33.8,51.4,30.35,62.6,20951.0,16.2,0.14,2015,791,1,340,567,218,799,642,645,715,684,44
894.0,University of Lleida,Spain,33.8,51.4,30.35,62.6,20951.0,16.2,0.14,2015,894,34,367,567,218,883,850,812,837,809,44
65.0,The University of Queensland,Australia,45.8,80.4,58.4,74.2,34718.0,32.7,0.27,2015,65,18,355,424,210,404,404,368,402,426,45
794.0,University of North Carolina at Charlotte,USA,33.8,51.4,30.35,62.6,20951.0,16.2,0.14,2015,794,212,367,310,218,741,662,511,826,593,44
891.0,University of Calcutta,India,33.8,51.4,30.35,62.6,20951.0,16.2,0.14,2015,891,14,140,346,209,964,900,645,994,424,44
447.0,University of Oulu,Finland,33.8,51.4,30.35,62.6,20951.0,16.2,0.14,2015,447,6,275,369,218,432,344,368,375,521,45
226.0,University of Kiel,Germany,31.1,44.2,24.3,70.8,24444.0,23.8,0.08,2015,215,17,193,487,198,232,183,161,143,310,47
276.0,Shanghai Jiao Tong University,China,37.9,23.9,37.9,38.9,38191.0,12.8,0.06,2015,180,3,335,143,218,81,267,212,209,198,48
428.0,University of Denver,USA,33.8,51.4,30.35,62.6,20951.0,16.2,0.14,2015,428,142,312,101,218,901,522,511,590,760,45
160.0,École Normale Supérieure de Lyon,France,38.1,64.4,33.8,73.0,2218.0,8.0,0.14,2015,471,18,367,567,135,481,210,511,413,589,45
73.0,Wageningen University and Research Center,Netherlands,44.3,78.7,46.8,77.5,9248.0,17.0,0.21,2015,276,10,293,512,175,214,168,234,235,477,46
466.0,University of Wyoming,USA,18.6,28.1,24.2,46.1,20951.0,16.2,0.14,2015,466,151,367,230,218,534,316,321,457,380,45
892.0,University of Pécs,Hungary,33.8,51.4,30.35,62.6,20951.0,16.2,0.14,2015,892,6,367,567,218,962,812,812,850,501,44
226.0,Rensselaer Polytechnic Institute,United States of America,30.9,42.8,26.2,67.8,6671.0,15.0,0.16,2015,282,110,137,142,218,402,346,182,292,210,46
150.0,"University of California, Riverside",United States of America,29.4,61.6,27.5,91.5,20626.0,22.0,0.12,2015,7,5,5,21,6,10,4,4,7,29,92
725.0,Ankara University,Turkey,33.8,51.4,30.35,62.6,20951.0,16.2,0.14,2015,725,4,367,341,218,743,728,511,699,871,44
786.0,National Polytechnic Institute,Mexico,33.8,51.4,30.35,62.6,20951.0,16.2,0.14,2015,786,2,330,567,218,573,579,428,741,620,44
136.0,VU University Amsterdam,Netherlands,35.5,50.6,43.2,74.9,23280.0,16.3,0.06,2015,129,6,367,385,218,79,120,68,79,871,49
966.0,University of Valenciennes and Hainaut-Cambresis,France,33.8,51.4,30.35,62.6,20951.0,16.2,0.14,2015,966,47,367,567,218,866,950,645,932,871,44
760.0,Yamagata University,Japan,33.8,51.4,30.35,62.6,20951.0,16.2,0.14,2015,760,52,367,567,218,775,736,812,686,535,44
77.0,University of Amsterdam,Netherlands,42.0,60.5,55.4,76.6,24570.0,14.4,0.11,2015,114,5,109,317,212,70,88,93,60,282,50
259.0,Virginia Commonwealth University,USA,33.8,51.4,30.35,62.6,20951.0,16.2,0.14,2015,259,100,367,403,150,264,253,321,213,206,46
9.0,Imperial College London,United Kingdom,84.6,92.7,88.3,89.4,15060.0,11.7,0.51,2015,35,4,90,82,30,19,26,23,19,47,60
539.0,University of Nantes,France,33.8,51.4,30.35,62.6,20951.0,16.2,0.14,2015,539,22,367,567,218,483,420,511,447,579,45
301.0,University of Padua,Italy,20.7,40.4,18.2,68.0,62577.0,18.3,0.04,2015,169,2,281,567,218,99,105,182,119,351,48
251.0,Federico Santa María Technical University,Chile,13.0,48.7,10.1,99.7,11718.0,34.0,0.02,2015,960,4,367,567,218,955,923,368,946,645,44
401.0,Kyung Hee University,South Korea,37.1,31.4,17.9,6.6,24356.0,17.4,0.14,2015,401,12,245,495,218,380,584,645,558,95,45
